{"v":"5.1.4","fr":60,"ip":0,"op":480,"w":1800,"h":1800,"nm":"\rSample Artwork","ddd":0,"assets":[],"layers":[{"ddd":0,"ind":1,"ty":4,"nm":"star mid","sr":1,"ks":{"o":{"a":0,"k":100,"ix":11},"r":{"a":1,"k":[{"i":{"x":[0.557],"y":[0.991]},"o":{"x":[0.622],"y":[0]},"n":["0p557_0p991_0p622_0"],"t":33,"s":[0],"e":[200]},{"i":{"x":[0.667],"y":[1]},"o":{"x":[0.33],"y":[-0.007]},"n":["0p667_1_0p33_-0p007"],"t":138,"s":[200],"e":[0]},{"i":{"x":[0.557],"y":[0.991]},"o":{"x":[0.167],"y":[0]},"n":["0p557_0p991_0p167_0"],"t":249,"s":[0],"e":[250]},{"i":{"x":[0.667],"y":[1]},"o":{"x":[0.33],"y":[-0.006]},"n":["0p667_1_0p33_-0p006"],"t":372,"s":[250],"e":[0]},{"t":481}],"ix":10},"p":{"a":1,"k":[{"i":{"x":0.667,"y":1},"o":{"x":0.333,"y":0},"n":"0p667_1_0p333_0","t":0,"s":[345.96,864.96,0],"e":[345.96,839.96,0],"to":[0,-4.16666650772095,0],"ti":[0,-5.33333349227905,0]},{"i":{"x":0.667,"y":1},"o":{"x":0.333,"y":0},"n":"0p667_1_0p333_0","t":123,"s":[345.96,839.96,0],"e":[345.96,896.96,0],"to":[0,5.33333349227905,0],"ti":[0,0,0]},{"i":{"x":0.667,"y":1},"o":{"x":0.333,"y":0},"n":"0p667_1_0p333_0","t":238,"s":[345.96,896.96,0],"e":[345.96,839.96,0],"to":[0,0,0],"ti":[0,5.33333349227905,0]},{"i":{"x":0.667,"y":1},"o":{"x":0.333,"y":0},"n":"0p667_1_0p333_0","t":363,"s":[345.96,839.96,0],"e":[345.96,864.96,0],"to":[0,-5.33333349227905,0],"ti":[0,-4.16666650772095,0]},{"t":481}],"ix":2},"a":{"a":0,"k":[39.09,39.09,0],"ix":1},"s":{"a":0,"k":[100,100,100],"ix":6}},"ao":0,"shapes":[{"ty":"gr","it":[{"ind":0,"ty":"sh","ix":1,"ks":{"a":0,"k":{"i":[[0.81,-2.06],[0,0],[1.38,0.55],[0.27,0.69],[0,0],[2.06,0.81],[0,0],[-0.55,1.38],[-0.69,0.27],[0,0],[-0.81,2.06],[0,0],[-1.37,-0.55],[-0.28,-0.69],[0,0],[-2.06,-0.81],[0,0],[0.55,-1.37],[0.69,-0.28],[0,0]],"o":[[0,0],[-0.55,1.38],[-0.69,-0.27],[0,0],[-0.81,-2.06],[0,0],[-1.38,-0.55],[0.27,-0.69],[0,0],[2.06,-0.81],[0,0],[0.55,-1.38],[0.7,0.27],[0,0],[0.81,2.06],[0,0],[1.38,0.55],[-0.27,0.7],[0,0],[-2.06,0.81]],"v":[[16.75,21.26],[15.53,24.36],[12.04,25.87],[10.53,24.36],[9.31,21.26],[4.8,16.75],[1.7,15.53],[0.19,12.04],[1.7,10.53],[4.8,9.31],[9.31,4.8],[10.53,1.7],[14.01,0.19],[15.53,1.7],[16.75,4.8],[21.26,9.31],[24.36,10.53],[25.87,14.01],[24.36,15.53],[21.26,16.75]],"c":true},"ix":2},"nm":"Path 1","mn":"ADBE Vector Shape - Group","hd":false},{"ty":"fl","c":{"a":0,"k":[0.974915027618,0.913405001163,0.542216002941,1],"ix":4},"o":{"a":0,"k":100,"ix":5},"r":1,"nm":"Fill 1","mn":"ADBE Vector Graphic - Fill","hd":false},{"ty":"tr","p":{"a":0,"k":[0,0],"ix":2},"a":{"a":0,"k":[0,0],"ix":1},"s":{"a":0,"k":[300,300],"ix":3},"r":{"a":0,"k":0,"ix":6},"o":{"a":0,"k":100,"ix":7},"sk":{"a":0,"k":0,"ix":4},"sa":{"a":0,"k":0,"ix":5},"nm":"Transform"}],"nm":"Group 1","np":2,"cix":2,"ix":1,"mn":"ADBE Vector Group","hd":false}],"ip":0,"op":480,"st":0,"bm":0},{"ddd":0,"ind":2,"ty":4,"nm":"star bottom","sr":1,"ks":{"o":{"a":0,"k":100,"ix":11},"r":{"a":1,"k":[{"i":{"x":[0.557],"y":[0.992]},"o":{"x":[0.622],"y":[0]},"n":["0p557_0p992_0p622_0"],"t":57,"s":[0],"e":[200]},{"i":{"x":[0.667],"y":[1]},"o":{"x":[0.33],"y":[-0.007]},"n":["0p667_1_0p33_-0p007"],"t":154,"s":[200],"e":[0]},{"i":{"x":[0.557],"y":[0.992]},"o":{"x":[0.167],"y":[0]},"n":["0p557_0p992_0p167_0"],"t":258,"s":[0],"e":[250]},{"i":{"x":[0.667],"y":[1]},"o":{"x":[0.33],"y":[-0.006]},"n":["0p667_1_0p33_-0p006"],"t":372,"s":[250],"e":[0]},{"t":481}],"ix":10},"p":{"a":1,"k":[{"i":{"x":0.667,"y":1},"o":{"x":0.333,"y":0},"n":"0p667_1_0p333_0","t":0,"s":[1412.175,1001.175,0],"e":[1412.175,958.175,0],"to":[0,-7.16666650772095,0],"ti":[0,0.83333331346512,0]},{"i":{"x":0.667,"y":1},"o":{"x":0.333,"y":0},"n":"0p667_1_0p333_0","t":118,"s":[1412.175,958.175,0],"e":[1412.175,996.175,0],"to":[0,-0.83333331346512,0],"ti":[0,0,0]},{"i":{"x":0.667,"y":1},"o":{"x":0.333,"y":0},"n":"0p667_1_0p333_0","t":238,"s":[1412.175,996.175,0],"e":[1412.175,958.175,0],"to":[0,0,0],"ti":[0,-0.83333331346512,0]},{"i":{"x":0.667,"y":1},"o":{"x":0.333,"y":0},"n":"0p667_1_0p333_0","t":361,"s":[1412.175,958.175,0],"e":[1412.175,1001.175,0],"to":[0,0.83333331346512,0],"ti":[0,-7.16666650772095,0]},{"t":481}],"ix":2},"a":{"a":0,"k":[35.175,35.175,0],"ix":1},"s":{"a":0,"k":[100,100,100],"ix":6}},"ao":0,"shapes":[{"ty":"gr","it":[{"ind":0,"ty":"sh","ix":1,"ks":{"a":0,"k":{"i":[[0.81,-2.07],[0,0],[1.24,0.49],[0.24,0.63],[0,0],[2.06,0.81],[0,0],[-0.49,1.24],[-0.62,0.24],[0,0],[-0.82,2.06],[0,0],[-1.24,-0.49],[-0.24,-0.62],[0,0],[-2.07,-0.82],[0,0],[0.49,-1.24],[0.63,-0.24],[0,0]],"o":[[0,0],[-0.48,1.24],[-0.62,-0.24],[0,0],[-0.82,-2.07],[0,0],[-1.24,-0.48],[0.24,-0.62],[0,0],[2.06,-0.82],[0,0],[0.49,-1.24],[0.63,0.24],[0,0],[0.81,2.06],[0,0],[1.24,0.49],[-0.24,0.63],[0,0],[-2.07,0.81]],"v":[[14.95,19.46],[13.97,21.92],[10.84,23.28],[9.48,21.92],[8.51,19.46],[4,14.95],[1.53,13.97],[0.17,10.84],[1.53,9.48],[4,8.51],[8.51,4],[9.48,1.53],[12.61,0.17],[13.97,1.53],[14.95,4],[19.46,8.51],[21.92,9.48],[23.28,12.61],[21.92,13.97],[19.46,14.95]],"c":true},"ix":2},"nm":"Path 1","mn":"ADBE Vector Shape - Group","hd":false},{"ty":"fl","c":{"a":0,"k":[0.974915027618,0.913405001163,0.542216002941,1],"ix":4},"o":{"a":0,"k":100,"ix":5},"r":1,"nm":"Fill 1","mn":"ADBE Vector Graphic - Fill","hd":false},{"ty":"tr","p":{"a":0,"k":[0,0],"ix":2},"a":{"a":0,"k":[0,0],"ix":1},"s":{"a":0,"k":[300,300],"ix":3},"r":{"a":0,"k":0,"ix":6},"o":{"a":0,"k":100,"ix":7},"sk":{"a":0,"k":0,"ix":4},"sa":{"a":0,"k":0,"ix":5},"nm":"Transform"}],"nm":"Group 1","np":2,"cix":2,"ix":1,"mn":"ADBE Vector Group","hd":false}],"ip":0,"op":480,"st":0,"bm":0},{"ddd":0,"ind":3,"ty":4,"nm":"star top","sr":1,"ks":{"o":{"a":0,"k":100,"ix":11},"r":{"a":1,"k":[{"i":{"x":[0.557],"y":[0.992]},"o":{"x":[0.622],"y":[0]},"n":["0p557_0p992_0p622_0"],"t":0,"s":[0],"e":[250]},{"i":{"x":[0.667],"y":[1]},"o":{"x":[0.33],"y":[-0.006]},"n":["0p667_1_0p33_-0p006"],"t":118,"s":[250],"e":[0]},{"i":{"x":[0.557],"y":[0.991]},"o":{"x":[0.167],"y":[0]},"n":["0p557_0p991_0p167_0"],"t":238,"s":[0],"e":[250]},{"i":{"x":[0.667],"y":[1]},"o":{"x":[0.33],"y":[-0.006]},"n":["0p667_1_0p33_-0p006"],"t":361,"s":[250],"e":[0]},{"t":481}],"ix":10},"p":{"a":1,"k":[{"i":{"x":0.667,"y":1},"o":{"x":0.333,"y":0},"n":"0p667_1_0p333_0","t":0,"s":[636.493,500.493,0],"e":[636.493,467.493,0],"to":[0,-5.5,0],"ti":[0,0,0]},{"i":{"x":0.667,"y":1},"o":{"x":0.333,"y":0},"n":"0p667_1_0p333_0","t":120,"s":[636.493,467.493,0],"e":[636.493,500.493,0],"to":[0,0,0],"ti":[0,-0.33333334326744,0]},{"i":{"x":0.667,"y":1},"o":{"x":0.167,"y":0},"n":"0p667_1_0p167_0","t":239,"s":[636.493,500.493,0],"e":[636.493,469.493,0],"to":[0,0.33333334326744,0],"ti":[0,0,0]},{"i":{"x":0.833,"y":0.833},"o":{"x":0.167,"y":0},"n":"0p833_0p833_0p167_0","t":361,"s":[636.493,469.493,0],"e":[636.493,500.493,0],"to":[0,0,0],"ti":[0,-5.16666650772095,0]},{"t":481}],"ix":2},"a":{"a":0,"k":[30.853,30.853,0],"ix":1},"s":{"a":0,"k":[100,100,100],"ix":6}},"ao":0,"shapes":[{"ty":"gr","it":[{"ind":0,"ty":"sh","ix":1,"ks":{"a":0,"k":{"i":[[0.81,-2.07],[0,0],[1.09,0.43],[0.22,0.55],[0,0],[2.06,0.81],[0,0],[-0.43,1.09],[-0.54,0.22],[0,0],[-0.81,2.06],[0,0],[-1.09,-0.43],[-0.21,-0.54],[0,0],[-2.07,-0.81],[0,0],[0.43,-1.09],[0.55,-0.21],[0,0]],"o":[[0,0],[-0.43,1.09],[-0.54,-0.22],[0,0],[-0.81,-2.07],[0,0],[-1.09,-0.43],[0.21,-0.54],[0,0],[2.06,-0.81],[0,0],[0.43,-1.09],[0.55,0.21],[0,0],[0.81,2.06],[0,0],[1.09,0.43],[-0.22,0.55],[0,0],[-2.07,0.81]],"v":[[12.95,17.46],[12.25,19.22],[9.5,20.42],[8.31,19.22],[7.61,17.46],[3.11,12.95],[1.34,12.25],[0.15,9.5],[1.34,8.31],[3.11,7.61],[7.61,3.11],[8.31,1.34],[11.06,0.15],[12.25,1.34],[12.95,3.11],[17.46,7.61],[19.22,8.31],[20.42,11.06],[19.22,12.25],[17.46,12.95]],"c":true},"ix":2},"nm":"Path 1","mn":"ADBE Vector Shape - Group","hd":false},{"ty":"fl","c":{"a":0,"k":[0.974915027618,0.913405001163,0.542216002941,1],"ix":4},"o":{"a":0,"k":100,"ix":5},"r":1,"nm":"Fill 1","mn":"ADBE Vector Graphic - Fill","hd":false},{"ty":"tr","p":{"a":0,"k":[0,0],"ix":2},"a":{"a":0,"k":[0,0],"ix":1},"s":{"a":0,"k":[300,300],"ix":3},"r":{"a":0,"k":0,"ix":6},"o":{"a":0,"k":100,"ix":7},"sk":{"a":0,"k":0,"ix":4},"sa":{"a":0,"k":0,"ix":5},"nm":"Transform"}],"nm":"Group 1","np":2,"cix":2,"ix":1,"mn":"ADBE Vector Group","hd":false}],"ip":0,"op":480,"st":0,"bm":0},{"ddd":0,"ind":4,"ty":4,"nm":"shadow","sr":1,"ks":{"o":{"a":0,"k":100,"ix":11},"r":{"a":0,"k":0,"ix":10},"p":{"a":0,"k":[900,1266,0],"ix":2},"a":{"a":0,"k":[0,0,0],"ix":1},"s":{"a":1,"k":[{"i":{"x":[0.667,0.667,0.667],"y":[1,1,1]},"o":{"x":[0.333,0.333,0.333],"y":[0,0,0]},"n":["0p667_1_0p333_0","0p667_1_0p333_0","0p667_1_0p333_0"],"t":0,"s":[119.259,100,100],"e":[98.519,82.222,100]},{"i":{"x":[0.667,0.667,0.667],"y":[1,1,1]},"o":{"x":[0.333,0.333,0.333],"y":[0,0,0]},"n":["0p667_1_0p333_0","0p667_1_0p333_0","0p667_1_0p333_0"],"t":126,"s":[98.519,82.222,100],"e":[131.111,100,100]},{"i":{"x":[0.667,0.667,0.667],"y":[1,1,1]},"o":{"x":[0.333,0.333,0.333],"y":[0,0,0]},"n":["0p667_1_0p333_0","0p667_1_0p333_0","0p667_1_0p333_0"],"t":246,"s":[131.111,100,100],"e":[98.519,82.222,100]},{"i":{"x":[0.667,0.667,0.667],"y":[1,1,1]},"o":{"x":[0.333,0.333,0.333],"y":[0,0,0]},"n":["0p667_1_0p333_0","0p667_1_0p333_0","0p667_1_0p333_0"],"t":367,"s":[98.519,82.222,100],"e":[119.259,100,100]},{"t":479}],"ix":6}},"ao":0,"shapes":[{"ty":"gr","it":[{"d":1,"ty":"el","s":{"a":0,"k":[180,30],"ix":2},"p":{"a":0,"k":[0,0],"ix":3},"nm":"Ellipse Path 1","mn":"ADBE Vector Shape - Ellipse","hd":false},{"ty":"fl","c":{"a":0,"k":[0.925755023956,0.925755023956,0.925755023956,1],"ix":4},"o":{"a":0,"k":100,"ix":5},"r":1,"nm":"Fill 1","mn":"ADBE Vector Graphic - Fill","hd":false},{"ty":"tr","p":{"a":0,"k":[0,0],"ix":2},"a":{"a":0,"k":[0,0],"ix":1},"s":{"a":0,"k":[300,300],"ix":3},"r":{"a":0,"k":0,"ix":6},"o":{"a":0,"k":100,"ix":7},"sk":{"a":0,"k":0,"ix":4},"sa":{"a":0,"k":0,"ix":5},"nm":"Transform"}],"nm":"shadow","np":2,"cix":2,"ix":1,"mn":"ADBE Vector Group","hd":false}],"ip":0,"op":480,"st":0,"bm":0},{"ddd":0,"ind":5,"ty":4,"nm":"\rtop left dot 1","parent":7,"sr":1,"ks":{"o":{"a":0,"k":100,"ix":11},"r":{"a":0,"k":0,"ix":10},"p":{"a":0,"k":[53,-393.423,0],"ix":2},"a":{"a":0,"k":[0,0,0],"ix":1},"s":{"a":0,"k":[100,100,100],"ix":6}},"ao":0,"shapes":[{"ty":"gr","it":[{"d":1,"ty":"el","s":{"a":0,"k":[15,15],"ix":2},"p":{"a":0,"k":[0,0],"ix":3},"nm":"Ellipse Path 1","mn":"ADBE Vector Shape - Ellipse","hd":false},{"ty":"fl","c":{"a":0,"k":[0.361308008432,0.558552980423,0.68407201767,1],"ix":4},"o":{"a":0,"k":100,"ix":5},"r":1,"nm":"Fill 1","mn":"ADBE Vector Graphic - Fill","hd":false},{"ty":"tr","p":{"a":0,"k":[0,0],"ix":2},"a":{"a":0,"k":[0,0],"ix":1},"s":{"a":0,"k":[300,300],"ix":3},"r":{"a":0,"k":0,"ix":6},"o":{"a":0,"k":100,"ix":7},"sk":{"a":0,"k":0,"ix":4},"sa":{"a":0,"k":0,"ix":5},"nm":"Transform"}],"nm":"detail 3","np":2,"cix":2,"ix":1,"mn":"ADBE Vector Group","hd":false}],"ip":0,"op":480,"st":0,"bm":0},{"ddd":0,"ind":6,"ty":4,"nm":"top right dot 2","parent":7,"sr":1,"ks":{"o":{"a":0,"k":100,"ix":11},"r":{"a":0,"k":0,"ix":10},"p":{"a":0,"k":[825,-450,0],"ix":2},"a":{"a":0,"k":[0,0,0],"ix":1},"s":{"a":0,"k":[100,100,100],"ix":6}},"ao":0,"shapes":[{"ty":"gr","it":[{"d":1,"ty":"el","s":{"a":0,"k":[15,15],"ix":2},"p":{"a":0,"k":[0,0],"ix":3},"nm":"Ellipse Path 1","mn":"ADBE Vector Shape - Ellipse","hd":false},{"ty":"fl","c":{"a":0,"k":[0.361308008432,0.558552980423,0.68407201767,1],"ix":4},"o":{"a":0,"k":100,"ix":5},"r":1,"nm":"Fill 1","mn":"ADBE Vector Graphic - Fill","hd":false},{"ty":"tr","p":{"a":0,"k":[0,0],"ix":2},"a":{"a":0,"k":[0,0],"ix":1},"s":{"a":0,"k":[300,300],"ix":3},"r":{"a":0,"k":0,"ix":6},"o":{"a":0,"k":100,"ix":7},"sk":{"a":0,"k":0,"ix":4},"sa":{"a":0,"k":0,"ix":5},"nm":"Transform"}],"nm":"detail 4","np":2,"cix":2,"ix":1,"mn":"ADBE Vector Group","hd":false}],"ip":0,"op":480,"st":0,"bm":0},{"ddd":0,"ind":7,"ty":4,"nm":"\rbottom dot 1","sr":1,"ks":{"o":{"a":0,"k":100,"ix":11},"r":{"a":0,"k":0,"ix":10},"p":{"a":1,"k":[{"i":{"x":0.667,"y":1},"o":{"x":0.333,"y":0},"n":"0p667_1_0p333_0","t":46,"s":[448.5,1003.5,0],"e":[448.5,941.5,0],"to":[0,-10.3333330154419,0],"ti":[0,10.3333330154419,0]},{"i":{"x":1,"y":1},"o":{"x":0.333,"y":0.333},"n":"1_1_0p333_0p333","t":139,"s":[448.5,941.5,0],"e":[448.5,941.5,0],"to":[0,0,0],"ti":[0,0,0]},{"i":{"x":0.799,"y":1},"o":{"x":0.178,"y":0},"n":"0p799_1_0p178_0","t":158,"s":[448.5,941.5,0],"e":[448.5,1010,0],"to":[0,11.4166669845581,0],"ti":[0,-11.4166669845581,0]},{"i":{"x":0.667,"y":0.667},"o":{"x":0,"y":0},"n":"0p667_0p667_0_0","t":234,"s":[448.5,1010,0],"e":[448.5,1010,0],"to":[0,0,0],"ti":[0,0,0]},{"i":{"x":0.667,"y":1},"o":{"x":0.333,"y":0},"n":"0p667_1_0p333_0","t":249,"s":[448.5,1010,0],"e":[448.5,966.5,0],"to":[0,-7.25,0],"ti":[0,7.25,0]},{"i":{"x":0.667,"y":0.667},"o":{"x":0.167,"y":0.167},"n":"0p667_0p667_0p167_0p167","t":368,"s":[448.5,966.5,0],"e":[448.5,966.5,0],"to":[0,0,0],"ti":[0,0,0]},{"i":{"x":0.833,"y":1},"o":{"x":0.167,"y":0},"n":"0p833_1_0p167_0","t":384,"s":[448.5,966.5,0],"e":[448.5,1003.5,0],"to":[0,6.16666650772095,0],"ti":[0,-6.16666650772095,0]},{"t":481}],"ix":2},"a":{"a":0,"k":[0,0,0],"ix":1},"s":{"a":0,"k":[100,100,100],"ix":6}},"ao":0,"shapes":[{"ty":"gr","it":[{"d":1,"ty":"el","s":{"a":0,"k":[11,11],"ix":2},"p":{"a":0,"k":[0,0],"ix":3},"nm":"Ellipse Path 1","mn":"ADBE Vector Shape - Ellipse","hd":false},{"ty":"fl","c":{"a":0,"k":[0.658824026585,0.796078026295,0.882353007793,1],"ix":4},"o":{"a":0,"k":100,"ix":5},"r":1,"nm":"Fill 1","mn":"ADBE Vector Graphic - Fill","hd":false},{"ty":"tr","p":{"a":0,"k":[0,0],"ix":2},"a":{"a":0,"k":[0,0],"ix":1},"s":{"a":0,"k":[300,300],"ix":3},"r":{"a":0,"k":0,"ix":6},"o":{"a":0,"k":100,"ix":7},"sk":{"a":0,"k":0,"ix":4},"sa":{"a":0,"k":0,"ix":5},"nm":"Transform"}],"nm":"detail 2","np":2,"cix":2,"ix":1,"mn":"ADBE Vector Group","hd":false}],"ip":0,"op":480,"st":0,"bm":0},{"ddd":0,"ind":8,"ty":4,"nm":"smile","parent":11,"sr":1,"ks":{"o":{"a":0,"k":100,"ix":11},"r":{"a":0,"k":0,"ix":10},"p":{"a":0,"k":[357.005,368.999,0],"ix":2},"a":{"a":0,"k":[54.005,26.999,0],"ix":1},"s":{"a":0,"k":[100,100,100],"ix":6}},"ao":0,"shapes":[{"ty":"gr","it":[{"ind":0,"ty":"sh","ix":1,"ks":{"a":0,"k":{"i":[[-0.43,-2.17],[-9.46,0],[-2.45,7.6],[2.11,0.68],[0.68,-2.11],[5.53,0],[0.66,3.37],[2.17,-0.43]],"o":[[1.37,7.03],[9.27,0],[0.67,-2.11],[-2.1,-0.67],[-1.44,4.5],[-5.53,0],[-0.43,-2.17],[-2.17,0.42]],"v":[[0.08,4.77],[18,18],[35.81,5.23],[33.22,0.19],[28.19,2.78],[18,10],[7.93,3.23],[3.23,0.08]],"c":true},"ix":2},"nm":"Path 1","mn":"ADBE Vector Shape - Group","hd":false},{"ty":"fl","c":{"a":0,"k":[0.360783994198,0.55686300993,0.682353019714,1],"ix":4},"o":{"a":0,"k":100,"ix":5},"r":1,"nm":"Fill 1","mn":"ADBE Vector Graphic - Fill","hd":false},{"ty":"tr","p":{"a":0,"k":[0,0],"ix":2},"a":{"a":0,"k":[0,0],"ix":1},"s":{"a":0,"k":[300,300],"ix":3},"r":{"a":0,"k":0,"ix":6},"o":{"a":0,"k":100,"ix":7},"sk":{"a":0,"k":0,"ix":4},"sa":{"a":0,"k":0,"ix":5},"nm":"Transform"}],"nm":"Group 1","np":2,"cix":2,"ix":1,"mn":"ADBE Vector Group","hd":false}],"ip":0,"op":480,"st":0,"bm":0},{"ddd":0,"ind":9,"ty":4,"nm":"right eye","parent":11,"sr":1,"ks":{"o":{"a":0,"k":100,"ix":11},"r":{"a":0,"k":0,"ix":10},"p":{"a":0,"k":[415.5,286.5,0],"ix":2},"a":{"a":0,"k":[0,0,0],"ix":1},"s":{"a":0,"k":[100,100,100],"ix":6}},"ao":0,"shapes":[{"ty":"gr","it":[{"d":1,"ty":"el","s":{"a":0,"k":[15,15],"ix":2},"p":{"a":0,"k":[0,0],"ix":3},"nm":"Ellipse Path 1","mn":"ADBE Vector Shape - Ellipse","hd":false},{"ty":"fl","c":{"a":0,"k":[0.361308008432,0.558552980423,0.68407201767,1],"ix":4},"o":{"a":0,"k":100,"ix":5},"r":1,"nm":"Fill 1","mn":"ADBE Vector Graphic - Fill","hd":false},{"ty":"tr","p":{"a":0,"k":[0,0],"ix":2},"a":{"a":0,"k":[0,0],"ix":1},"s":{"a":0,"k":[300,300],"ix":3},"r":{"a":0,"k":0,"ix":6},"o":{"a":0,"k":100,"ix":7},"sk":{"a":0,"k":0,"ix":4},"sa":{"a":0,"k":0,"ix":5},"nm":"Transform"}],"nm":"right eye","np":2,"cix":2,"ix":1,"mn":"ADBE Vector Group","hd":false}],"ip":0,"op":480,"st":0,"bm":0},{"ddd":0,"ind":10,"ty":4,"nm":"left eye","parent":11,"sr":1,"ks":{"o":{"a":0,"k":100,"ix":11},"r":{"a":0,"k":0,"ix":10},"p":{"a":0,"k":[295.5,286.5,0],"ix":2},"a":{"a":0,"k":[0,0,0],"ix":1},"s":{"a":0,"k":[100,100,100],"ix":6}},"ao":0,"shapes":[{"ty":"gr","it":[{"d":1,"ty":"el","s":{"a":0,"k":[15,15],"ix":2},"p":{"a":0,"k":[0,0],"ix":3},"nm":"Ellipse Path 1","mn":"ADBE Vector Shape - Ellipse","hd":false},{"ty":"fl","c":{"a":0,"k":[0.361308008432,0.558552980423,0.68407201767,1],"ix":4},"o":{"a":0,"k":100,"ix":5},"r":1,"nm":"Fill 1","mn":"ADBE Vector Graphic - Fill","hd":false},{"ty":"tr","p":{"a":0,"k":[0,0],"ix":2},"a":{"a":0,"k":[0,0],"ix":1},"s":{"a":0,"k":[300,300],"ix":3},"r":{"a":0,"k":0,"ix":6},"o":{"a":0,"k":100,"ix":7},"sk":{"a":0,"k":0,"ix":4},"sa":{"a":0,"k":0,"ix":5},"nm":"Transform"}],"nm":"left eye","np":2,"cix":2,"ix":1,"mn":"ADBE Vector Group","hd":false}],"ip":0,"op":480,"st":0,"bm":0},{"ddd":0,"ind":11,"ty":4,"nm":"outlines","sr":1,"ks":{"o":{"a":0,"k":100,"ix":11},"r":{"a":0,"k":0,"ix":10},"p":{"a":1,"k":[{"i":{"x":0.552,"y":1},"o":{"x":0.49,"y":0},"n":"0p552_1_0p49_0","t":0,"s":[902.999,751.499,0],"e":[902.999,710,0],"to":[0,-6.91656494140625,0],"ti":[0,-8.08343505859375,0]},{"i":{"x":0.735,"y":1},"o":{"x":0.443,"y":0},"n":"0p735_1_0p443_0","t":120,"s":[902.999,710,0],"e":[902.999,800,0],"to":[0,8.08343505859375,0],"ti":[0,0,0]},{"i":{"x":0.659,"y":1},"o":{"x":0.378,"y":0},"n":"0p659_1_0p378_0","t":240,"s":[902.999,800,0],"e":[902.999,710,0],"to":[0,0,0],"ti":[0,8.08343505859375,0]},{"i":{"x":0.667,"y":1},"o":{"x":0.327,"y":0},"n":"0p667_1_0p327_0","t":363,"s":[902.999,710,0],"e":[902.999,751.499,0],"to":[0,-8.08343505859375,0],"ti":[0,-6.91656494140625,0]},{"t":482}],"ix":2},"a":{"a":0,"k":[437.999,262.499,0],"ix":1},"s":{"a":0,"k":[100,100,100],"ix":6}},"ao":0,"shapes":[{"ty":"gr","it":[{"ty":"gr","it":[{"ind":0,"ty":"sh","ix":1,"ks":{"a":0,"k":{"i":[[2.21,0],[0,0],[0,-2.21],[-2.21,0],[0,0],[0,2.21]],"o":[[0,0],[-2.21,0],[0,2.21],[0,0],[2.21,0],[0,-2.21]],"v":[[174,0],[4,0],[0,4],[4,8],[174,8],[178,4]],"c":true},"ix":2},"nm":"Path 1","mn":"ADBE Vector Shape - Group","hd":false},{"ty":"tr","p":{"a":0,"k":[58,167],"ix":2},"a":{"a":0,"k":[0,0],"ix":1},"s":{"a":0,"k":[100,100],"ix":3},"r":{"a":0,"k":0,"ix":6},"o":{"a":0,"k":100,"ix":7},"sk":{"a":0,"k":0,"ix":4},"sa":{"a":0,"k":0,"ix":5},"nm":"Transform"}],"nm":"Combined Shape Copy","np":1,"cix":2,"ix":1,"mn":"ADBE Vector Group","hd":false},{"ty":"gr","it":[{"ind":0,"ty":"sh","ix":1,"ks":{"a":0,"k":{"i":[[0.91,2.01],[0.15,0.32],[31.28,0],[8.64,-35.58],[-2.15,-0.52],[-0.52,2.15],[-33.4,0],[-11.8,-25.03],[-0.13,-0.29],[-2.01,0.92]],"o":[[-0.15,-0.32],[-13.11,-27.8],[-37.12,0],[-0.52,2.15],[2.14,0.52],[7.77,-32.01],[28.16,0],[0.14,0.28],[0.91,2.01],[2.02,-0.92]],"v":[[150.7,46.87],[150.26,45.92],[77.86,0],[0.11,61.06],[3.06,65.89],[7.89,62.95],[77.86,8],[143.02,49.34],[143.42,50.19],[148.71,52.17]],"c":true},"ix":2},"nm":"Path 1","mn":"ADBE Vector Shape - Group","hd":false},{"ty":"tr","p":{"a":0,"k":[68.14,0],"ix":2},"a":{"a":0,"k":[0,0],"ix":1},"s":{"a":0,"k":[100,100],"ix":3},"r":{"a":0,"k":0,"ix":6},"o":{"a":0,"k":100,"ix":7},"sk":{"a":0,"k":0,"ix":4},"sa":{"a":0,"k":0,"ix":5},"nm":"Transform"}],"nm":"Oval","np":1,"cix":2,"ix":2,"mn":"ADBE Vector Group","hd":false},{"ty":"mm","mm":2,"nm":"Merge Paths 1","mn":"ADBE Vector Filter - Merge","hd":false},{"ty":"gr","it":[{"ind":0,"ty":"sh","ix":1,"ks":{"a":0,"k":{"i":[[1.79,1.29],[1.04,0.66],[11.28,0],[0,-32.58],[-32.58,0],[-0.84,0.03],[0.09,2.21],[2.21,-0.09],[0.73,0],[0,28.17],[-28.17,0],[-8.07,-5.1],[-0.86,-0.62],[-1.3,1.8]],"o":[[-1,-0.72],[-9.34,-5.89],[-32.58,0],[0,32.58],[0.84,0],[2.21,-0.1],[-0.1,-2.21],[-0.73,0.03],[-28.17,0],[0,-28.17],[9.76,0],[0.9,0.56],[1.79,1.29],[1.29,-1.79]],"v":[[93.5,11.13],[90.45,9.07],[59,0],[0,59],[59,118],[61.53,117.95],[65.36,113.78],[61.19,109.95],[59,110],[8,59],[59,8],[86.18,15.84],[88.81,17.62],[94.4,16.71]],"c":true},"ix":2},"nm":"Path 1","mn":"ADBE Vector Shape - Group","hd":false},{"ty":"tr","p":{"a":0,"k":[0,57],"ix":2},"a":{"a":0,"k":[0,0],"ix":1},"s":{"a":0,"k":[100,100],"ix":3},"r":{"a":0,"k":0,"ix":6},"o":{"a":0,"k":100,"ix":7},"sk":{"a":0,"k":0,"ix":4},"sa":{"a":0,"k":0,"ix":5},"nm":"Transform"}],"nm":"Oval Copy","np":1,"cix":2,"ix":4,"mn":"ADBE Vector Group","hd":false},{"ty":"mm","mm":2,"nm":"Merge Paths 2","mn":"ADBE Vector Filter - Merge","hd":false},{"ty":"gr","it":[{"ind":0,"ty":"sh","ix":1,"ks":{"a":0,"k":{"i":[[0.02,-0.02],[0.08,-0.07],[-0.14,0.09]],"o":[[-0.27,0.18],[0.13,-0.11],[-0.02,0.01]],"v":[[0.35,0.04],[0,0.29],[0.41,0]],"c":true},"ix":2},"nm":"Path 1","mn":"ADBE Vector Shape - Group","hd":false},{"ty":"tr","p":{"a":0,"k":[189.1,72.82],"ix":2},"a":{"a":0,"k":[0,0],"ix":1},"s":{"a":0,"k":[100,100],"ix":3},"r":{"a":0,"k":0,"ix":6},"o":{"a":0,"k":100,"ix":7},"sk":{"a":0,"k":0,"ix":4},"sa":{"a":0,"k":0,"ix":5},"nm":"Transform"}],"nm":"Oval Copy 2","np":1,"cix":2,"ix":6,"mn":"ADBE Vector Group","hd":false},{"ty":"mm","mm":2,"nm":"Merge Paths 3","mn":"ADBE Vector Filter - Merge","hd":false},{"ty":"gr","it":[{"ind":0,"ty":"sh","ix":1,"ks":{"a":0,"k":{"i":[[0.22,-0.18],[0.27,-0.18],[0.7,-0.28],[1.46,0.09],[0.91,2.22],[-0.2,0.59],[-0.12,0.22],[-0.1,0.13],[-0.06,0.08],[-0.1,0.11],[-1.59,-1.53],[1.42,-1.59]],"o":[[-0.1,0.08],[-0.22,0.15],[-0.59,0.19],[-2.19,-0.96],[-0.05,-1.46],[0.17,-0.41],[0.17,-0.29],[0.14,-0.18],[0.08,-0.09],[1.53,-1.59],[1.54,1.5],[-0.17,0.22]],"v":[[6.47,7.25],[6.1,7.51],[5.18,7.94],[3.13,8.04],[0.03,4.86],[0.18,2.81],[0.47,2.18],[0.74,1.76],[0.94,1.5],[1.2,1.22],[6.86,1.12],[7.07,6.65]],"c":true},"ix":2},"nm":"Path 1","mn":"ADBE Vector Shape - Group","hd":false},{"ty":"tr","p":{"a":0,"k":[187.62,72.12],"ix":2},"a":{"a":0,"k":[0,0],"ix":1},"s":{"a":0,"k":[100,100],"ix":3},"r":{"a":0,"k":0,"ix":6},"o":{"a":0,"k":100,"ix":7},"sk":{"a":0,"k":0,"ix":4},"sa":{"a":0,"k":0,"ix":5},"nm":"Transform"}],"nm":"Oval Copy 2","np":1,"cix":2,"ix":8,"mn":"ADBE Vector Group","hd":false},{"ty":"mm","mm":2,"nm":"Merge Paths 4","mn":"ADBE Vector Filter - Merge","hd":false},{"ty":"gr","it":[{"ind":0,"ty":"sh","ix":1,"ks":{"a":0,"k":{"i":[[0.06,-0.03],[-0.05,0.03]],"o":[[0.05,-0.03],[-0.06,0.03]],"v":[[0,0.09],[0.16,0]],"c":true},"ix":2},"nm":"Path 1","mn":"ADBE Vector Shape - Group","hd":false},{"ty":"tr","p":{"a":0,"k":[189.52,72.73],"ix":2},"a":{"a":0,"k":[0,0],"ix":1},"s":{"a":0,"k":[100,100],"ix":3},"r":{"a":0,"k":0,"ix":6},"o":{"a":0,"k":100,"ix":7},"sk":{"a":0,"k":0,"ix":4},"sa":{"a":0,"k":0,"ix":5},"nm":"Transform"}],"nm":"Oval Copy 2","np":1,"cix":2,"ix":10,"mn":"ADBE Vector Group","hd":false},{"ty":"mm","mm":2,"nm":"Merge Paths 5","mn":"ADBE Vector Filter - Merge","hd":false},{"ty":"gr","it":[{"ind":0,"ty":"sh","ix":1,"ks":{"a":0,"k":{"i":[[-0.93,-1.17],[1.17,-1.42],[0.04,-0.04],[-0.05,0.06],[-0.13,0.17],[-0.18,0.29],[-0.17,0.42],[0.05,1.46],[2.19,0.96],[0.26,-0.03]],"o":[[1.2,1.5],[-0.04,0.05],[0,0],[0.05,-0.06],[0.09,-0.13],[0.11,-0.21],[0.2,-0.58],[-0.91,-2.22],[-0.84,-0.05],[1.38,-0.22]],"v":[[3.77,1.51],[3.74,6.53],[3.63,6.66],[3.68,6.6],[3.86,6.37],[4.13,5.95],[4.41,5.32],[4.56,3.28],[1.46,0.1],[0,0.05]],"c":true},"ix":2},"nm":"Path 1","mn":"ADBE Vector Shape - Group","hd":false},{"ty":"tr","p":{"a":0,"k":[190.95,72.24],"ix":2},"a":{"a":0,"k":[0,0],"ix":1},"s":{"a":0,"k":[100,100],"ix":3},"r":{"a":0,"k":0,"ix":6},"o":{"a":0,"k":100,"ix":7},"sk":{"a":0,"k":0,"ix":4},"sa":{"a":0,"k":0,"ix":5},"nm":"Transform"}],"nm":"Oval Copy 2","np":1,"cix":2,"ix":12,"mn":"ADBE Vector Group","hd":false},{"ty":"mm","mm":2,"nm":"Merge Paths 6","mn":"ADBE Vector Filter - Merge","hd":false},{"ty":"gr","it":[{"ind":0,"ty":"sh","ix":1,"ks":{"a":0,"k":{"i":[[0.09,-0.02],[0.11,-0.06],[-0.31,0.08]],"o":[[-0.41,0.17],[0.3,-0.17],[-0.06,0.02]],"v":[[0.69,0.07],[0,0.37],[0.92,0]],"c":true},"ix":2},"nm":"Path 1","mn":"ADBE Vector Shape - Group","hd":false},{"ty":"tr","p":{"a":0,"k":[189.67,72.36],"ix":2},"a":{"a":0,"k":[0,0],"ix":1},"s":{"a":0,"k":[100,100],"ix":3},"r":{"a":0,"k":0,"ix":6},"o":{"a":0,"k":100,"ix":7},"sk":{"a":0,"k":0,"ix":4},"sa":{"a":0,"k":0,"ix":5},"nm":"Transform"}],"nm":"Oval Copy 2","np":1,"cix":2,"ix":14,"mn":"ADBE Vector Group","hd":false},{"ty":"mm","mm":2,"nm":"Merge Paths 7","mn":"ADBE Vector Filter - Merge","hd":false},{"ty":"gr","it":[{"ind":0,"ty":"sh","ix":1,"ks":{"a":0,"k":{"i":[[-0.12,0.02],[0.12,-0.03]],"o":[[-0.12,0.01],[0.12,-0.03]],"v":[[0.35,0],[0,0.07]],"c":true},"ix":2},"nm":"Path 1","mn":"ADBE Vector Shape - Group","hd":false},{"ty":"tr","p":{"a":0,"k":[190.6,72.29],"ix":2},"a":{"a":0,"k":[0,0],"ix":1},"s":{"a":0,"k":[100,100],"ix":3},"r":{"a":0,"k":0,"ix":6},"o":{"a":0,"k":100,"ix":7},"sk":{"a":0,"k":0,"ix":4},"sa":{"a":0,"k":0,"ix":5},"nm":"Transform"}],"nm":"Oval Copy 2","np":1,"cix":2,"ix":16,"mn":"ADBE Vector Group","hd":false},{"ty":"mm","mm":2,"nm":"Merge Paths 8","mn":"ADBE Vector Filter - Merge","hd":false},{"ty":"gr","it":[{"ind":0,"ty":"sh","ix":1,"ks":{"a":0,"k":{"i":[[-2.21,0],[0,33.14],[33.14,0],[0.53,-0.01],[8.73,-5.2],[0.31,-0.19],[-1.16,-1.88],[-1.88,1.17],[-0.27,0.16],[-8.98,0.24],[-0.47,0],[0,-28.72],[28.72,0],[0,-2.21]],"o":[[33.14,0],[0,-33.14],[-0.54,0],[-10.36,0.27],[-0.32,0.18],[-1.87,1.17],[1.17,1.88],[0.27,-0.16],[7.57,-4.5],[0.47,-0.01],[28.72,0],[0,28.72],[-2.21,0],[0,2.21]],"v":[[33.47,120],[93.47,60],[33.47,0],[31.86,0.02],[2.83,8.41],[1.89,8.97],[0.6,14.48],[6.11,15.77],[6.92,15.28],[32.07,8.02],[33.47,8],[85.47,60],[33.47,112],[29.47,116]],"c":true},"ix":2},"nm":"Path 1","mn":"ADBE Vector Shape - Group","hd":false},{"ty":"tr","p":{"a":0,"k":[198.53,55],"ix":2},"a":{"a":0,"k":[0,0],"ix":1},"s":{"a":0,"k":[100,100],"ix":3},"r":{"a":0,"k":0,"ix":6},"o":{"a":0,"k":100,"ix":7},"sk":{"a":0,"k":0,"ix":4},"sa":{"a":0,"k":0,"ix":5},"nm":"Transform"}],"nm":"Oval Copy 2","np":1,"cix":2,"ix":18,"mn":"ADBE Vector Group","hd":false},{"ty":"mm","mm":2,"nm":"Merge Paths 9","mn":"ADBE Vector Filter - Merge","hd":false},{"ty":"fl","c":{"a":0,"k":[0.657972991467,0.796516001225,0.883104979992,1],"ix":4},"o":{"a":0,"k":100,"ix":5},"r":1,"nm":"Fill 1","mn":"ADBE Vector Graphic - Fill","hd":false},{"ty":"tr","p":{"a":0,"k":[0,0],"ix":2},"a":{"a":0,"k":[0,0],"ix":1},"s":{"a":0,"k":[300,300],"ix":3},"r":{"a":0,"k":0,"ix":6},"o":{"a":0,"k":100,"ix":7},"sk":{"a":0,"k":0,"ix":4},"sa":{"a":0,"k":0,"ix":5},"nm":"Transform"}],"nm":"outlines","np":20,"cix":2,"ix":1,"mn":"ADBE Vector Group","hd":false}],"ip":0,"op":480,"st":0,"bm":0},{"ddd":0,"ind":12,"ty":4,"nm":"\rcloud color","parent":11,"sr":1,"ks":{"o":{"a":0,"k":100,"ix":11},"r":{"a":0,"k":0,"ix":10},"p":{"a":0,"k":[435,411,0],"ix":2},"a":{"a":0,"k":[0,0,0],"ix":1},"s":{"a":0,"k":[100,100,100],"ix":6}},"ao":0,"shapes":[{"ty":"gr","it":[{"ind":0,"ty":"sh","ix":1,"ks":{"a":0,"k":{"i":[[190,0],[0,0],[0,0],[53,-76],[-50,-53],[-70,0],[0,0],[-29,2],[0,94],[18,6],[0,0],[0,0]],"o":[[-150,0],[0,0],[0,0],[-53,76],[50,53],[70,0],[0,0],[29,-2],[0,-94],[-18,-6],[0,0],[0,0]],"v":[[-4,-400],[-209,-252],[-221,-221],[-379,-174],[-385,46],[-222,98],[66,98],[291,95],[431,-51],[358,-204],[279,-237],[224,-227]],"c":true},"ix":2},"nm":"Path 1","mn":"ADBE Vector Shape - Group","hd":false},{"ty":"fl","c":{"a":0,"k":[0.858604999617,0.906486960018,0.936357026942,1],"ix":4},"o":{"a":0,"k":100,"ix":5},"r":1,"nm":"Fill 1","mn":"ADBE Vector Graphic - Fill","hd":false},{"ty":"tr","p":{"a":0,"k":[0,0],"ix":2},"a":{"a":0,"k":[0,0],"ix":1},"s":{"a":0,"k":[100,100],"ix":3},"r":{"a":0,"k":0,"ix":6},"o":{"a":0,"k":100,"ix":7},"sk":{"a":0,"k":0,"ix":4},"sa":{"a":0,"k":0,"ix":5},"nm":"Transform"}],"nm":"Shape 1","np":3,"cix":2,"ix":1,"mn":"ADBE Vector Group","hd":false}],"ip":0,"op":480,"st":0,"bm":0}],"markers":[]}