{"v":"5.1.16","fr":10,"ip":0,"op":47,"w":800,"h":800,"nm":"Renders","ddd":0,"assets":[{"id":"comp_0","layers":[{"ddd":0,"ind":1,"ty":0,"nm":"Marigold-animation","refId":"comp_1","sr":1,"ks":{"o":{"a":0,"k":100,"ix":11},"r":{"a":0,"k":-89,"ix":10},"p":{"a":0,"k":[318,348,0],"ix":2},"a":{"a":0,"k":[300,300,0],"ix":1},"s":{"a":0,"k":[100,100,100],"ix":6}},"ao":0,"w":600,"h":600,"ip":0,"op":202,"st":0,"bm":0},{"ddd":0,"ind":2,"ty":0,"nm":"Marigold-animation","refId":"comp_1","sr":1,"ks":{"o":{"a":0,"k":100,"ix":11},"r":{"a":0,"k":90,"ix":10},"p":{"a":0,"k":[292,272,0],"ix":2},"a":{"a":0,"k":[300,300,0],"ix":1},"s":{"a":0,"k":[100,100,100],"ix":6}},"ao":0,"w":600,"h":600,"ip":0,"op":202,"st":0,"bm":0}]},{"id":"comp_1","layers":[{"ddd":0,"ind":1,"ty":0,"nm":"Marigold","refId":"comp_2","sr":1,"ks":{"o":{"a":0,"k":100,"ix":11},"r":{"a":1,"k":[{"i":{"x":[0.833],"y":[1]},"o":{"x":[0.167],"y":[0]},"n":["0p833_1_0p167_0"],"t":0,"s":[0],"e":[321]},{"i":{"x":[0.833],"y":[1]},"o":{"x":[0.167],"y":[0]},"n":["0p833_1_0p167_0"],"t":9,"s":[321],"e":[360]},{"i":{"x":[0.335],"y":[1.103]},"o":{"x":[0.529],"y":[-0.156]},"n":["0p335_1p103_0p529_-0p156"],"t":15,"s":[360],"e":[720]},{"i":{"x":[0.603],"y":[1.294]},"o":{"x":[0.435],"y":[0]},"n":["0p603_1p294_0p435_0"],"t":35,"s":[720],"e":[713.427]},{"i":{"x":[0.519],"y":[3.043]},"o":{"x":[0.22],"y":[0.181]},"n":["0p519_3p043_0p22_0p181"],"t":44,"s":[713.427],"e":[720]},{"i":{"x":[0.667],"y":[1]},"o":{"x":[0.333],"y":[0]},"n":["0p667_1_0p333_0"],"t":54,"s":[720],"e":[360]},{"t":65}],"ix":10},"p":{"a":0,"k":[272.75,285.818,0],"ix":2},"a":{"a":0,"k":[862.541,721.333,0],"ix":1},"s":{"a":0,"k":[60,60,100],"ix":6}},"ao":0,"w":1000,"h":1000,"ip":0,"op":150,"st":0,"bm":0},{"ddd":0,"ind":2,"ty":0,"nm":"Branch","refId":"comp_3","sr":1,"ks":{"o":{"a":0,"k":100,"ix":11},"r":{"a":0,"k":0,"ix":10},"p":{"a":0,"k":[304.943,379.729,0],"ix":2},"a":{"a":0,"k":[292,152,0],"ix":1},"s":{"a":0,"k":[100,100,100],"ix":6}},"ao":0,"w":800,"h":800,"ip":0,"op":150,"st":0,"bm":0}]},{"id":"comp_2","layers":[{"ddd":0,"ind":1,"ty":4,"nm":"Marigold 4","sr":1,"ks":{"o":{"a":0,"k":100,"ix":11},"r":{"a":0,"k":270,"ix":10},"p":{"a":0,"k":[838,722.5,0],"ix":2},"a":{"a":0,"k":[90,180,0],"ix":1},"s":{"a":0,"k":[14.444,14.444,100],"ix":6}},"ao":0,"shapes":[{"ty":"gr","it":[{"ind":0,"ty":"sh","ix":1,"ks":{"a":0,"k":{"i":[[5.47,-4.1],[0,7.36],[-5.47,4.1],[0,-7.36]],"o":[[-5.47,-4.1],[0,-7.36],[5.47,4.1],[0,7.36]],"v":[[9,36],[0,18],[9,0],[18,18]],"c":true},"ix":2},"nm":"Path 1","mn":"ADBE Vector Shape - Group","hd":false},{"ty":"gf","o":{"a":0,"k":100,"ix":10},"r":1,"g":{"p":3,"k":{"a":0,"k":[0,1,0.886,0,0.5,1,0.822,0,1,1,0.757,0],"ix":9}},"s":{"a":0,"k":[9.23,1.652],"ix":5},"e":{"a":0,"k":[9.045,36.841],"ix":6},"t":1,"nm":"Gradient Fill 1","mn":"ADBE Vector Graphic - G-Fill","hd":false},{"ty":"tr","p":{"a":0,"k":[0,0],"ix":2},"a":{"a":0,"k":[0,0],"ix":1},"s":{"a":0,"k":[1000,1000],"ix":3},"r":{"a":0,"k":0,"ix":6},"o":{"a":0,"k":100,"ix":7},"sk":{"a":0,"k":0,"ix":4},"sa":{"a":0,"k":0,"ix":5},"nm":"Transform"}],"nm":"Group 1","np":2,"cix":2,"ix":1,"mn":"ADBE Vector Group","hd":false}],"ip":0,"op":150,"st":0,"bm":0},{"ddd":0,"ind":2,"ty":4,"nm":"Marigold 2","sr":1,"ks":{"o":{"a":0,"k":100,"ix":11},"r":{"a":0,"k":90,"ix":10},"p":{"a":0,"k":[888,722.5,0],"ix":2},"a":{"a":0,"k":[90,180,0],"ix":1},"s":{"a":0,"k":[14.444,14.444,100],"ix":6}},"ao":0,"shapes":[{"ty":"gr","it":[{"ind":0,"ty":"sh","ix":1,"ks":{"a":0,"k":{"i":[[5.47,-4.1],[0,7.36],[-5.47,4.1],[0,-7.36]],"o":[[-5.47,-4.1],[0,-7.36],[5.47,4.1],[0,7.36]],"v":[[9,36],[0,18],[9,0],[18,18]],"c":true},"ix":2},"nm":"Path 1","mn":"ADBE Vector Shape - Group","hd":false},{"ty":"gf","o":{"a":0,"k":100,"ix":10},"r":1,"g":{"p":3,"k":{"a":0,"k":[0,1,0.812,0,0.5,1,0.724,0,1,1,0.635,0],"ix":9}},"s":{"a":0,"k":[9.23,1.652],"ix":5},"e":{"a":0,"k":[9.045,36.841],"ix":6},"t":1,"nm":"Gradient Fill 1","mn":"ADBE Vector Graphic - G-Fill","hd":false},{"ty":"tr","p":{"a":0,"k":[0,0],"ix":2},"a":{"a":0,"k":[0,0],"ix":1},"s":{"a":0,"k":[1000,1000],"ix":3},"r":{"a":0,"k":0,"ix":6},"o":{"a":0,"k":100,"ix":7},"sk":{"a":0,"k":0,"ix":4},"sa":{"a":0,"k":0,"ix":5},"nm":"Transform"}],"nm":"Group 1","np":2,"cix":2,"ix":1,"mn":"ADBE Vector Group","hd":false}],"ip":0,"op":150,"st":0,"bm":0},{"ddd":0,"ind":3,"ty":4,"nm":"Marigold 3","sr":1,"ks":{"o":{"a":0,"k":100,"ix":11},"r":{"a":0,"k":180,"ix":10},"p":{"a":0,"k":[863,742.5,0],"ix":2},"a":{"a":0,"k":[90,180,0],"ix":1},"s":{"a":0,"k":[14.444,14.444,100],"ix":6}},"ao":0,"shapes":[{"ty":"gr","it":[{"ind":0,"ty":"sh","ix":1,"ks":{"a":0,"k":{"i":[[5.47,-4.1],[0,7.36],[-5.47,4.1],[0,-7.36]],"o":[[-5.47,-4.1],[0,-7.36],[5.47,4.1],[0,7.36]],"v":[[9,36],[0,18],[9,0],[18,18]],"c":true},"ix":2},"nm":"Path 1","mn":"ADBE Vector Shape - Group","hd":false},{"ty":"gf","o":{"a":0,"k":100,"ix":10},"r":1,"g":{"p":3,"k":{"a":0,"k":[0,1,0.776,0,0.5,1,0.716,0,1,1,0.655,0],"ix":9}},"s":{"a":0,"k":[9.23,1.652],"ix":5},"e":{"a":0,"k":[9.045,36.841],"ix":6},"t":1,"nm":"Gradient Fill 1","mn":"ADBE Vector Graphic - G-Fill","hd":false},{"ty":"tr","p":{"a":0,"k":[0,0],"ix":2},"a":{"a":0,"k":[0,0],"ix":1},"s":{"a":0,"k":[1000,1000],"ix":3},"r":{"a":0,"k":0,"ix":6},"o":{"a":0,"k":100,"ix":7},"sk":{"a":0,"k":0,"ix":4},"sa":{"a":0,"k":0,"ix":5},"nm":"Transform"}],"nm":"Group 1","np":2,"cix":2,"ix":1,"mn":"ADBE Vector Group","hd":false}],"ip":0,"op":150,"st":0,"bm":0},{"ddd":0,"ind":4,"ty":4,"nm":"Marigold","sr":1,"ks":{"o":{"a":0,"k":100,"ix":11},"r":{"a":0,"k":0,"ix":10},"p":{"a":0,"k":[863,704,0],"ix":2},"a":{"a":0,"k":[90,180,0],"ix":1},"s":{"a":0,"k":[14.444,14.444,100],"ix":6}},"ao":0,"shapes":[{"ty":"gr","it":[{"ind":0,"ty":"sh","ix":1,"ks":{"a":0,"k":{"i":[[5.47,-4.1],[0,7.36],[-5.47,4.1],[0,-7.36]],"o":[[-5.47,-4.1],[0,-7.36],[5.47,4.1],[0,7.36]],"v":[[9,36],[0,18],[9,0],[18,18]],"c":true},"ix":2},"nm":"Path 1","mn":"ADBE Vector Shape - Group","hd":false},{"ty":"gf","o":{"a":0,"k":100,"ix":10},"r":1,"g":{"p":3,"k":{"a":0,"k":[0,1,0.812,0,0.5,1,0.724,0,1,1,0.635,0],"ix":9}},"s":{"a":0,"k":[9.23,1.652],"ix":5},"e":{"a":0,"k":[9.045,36.841],"ix":6},"t":1,"nm":"Gradient Fill 1","mn":"ADBE Vector Graphic - G-Fill","hd":false},{"ty":"tr","p":{"a":0,"k":[0,0],"ix":2},"a":{"a":0,"k":[0,0],"ix":1},"s":{"a":0,"k":[1000,1000],"ix":3},"r":{"a":0,"k":0,"ix":6},"o":{"a":0,"k":100,"ix":7},"sk":{"a":0,"k":0,"ix":4},"sa":{"a":0,"k":0,"ix":5},"nm":"Transform"}],"nm":"Group 1","np":2,"cix":2,"ix":1,"mn":"ADBE Vector Group","hd":false}],"ip":0,"op":150,"st":0,"bm":0},{"ddd":0,"ind":5,"ty":4,"nm":"Marigold 7","sr":1,"ks":{"o":{"a":0,"k":100,"ix":11},"r":{"a":0,"k":45,"ix":10},"p":{"a":0,"k":[844,741,0],"ix":2},"a":{"a":0,"k":[90,180,0],"ix":1},"s":{"a":0,"k":[14.444,14.444,100],"ix":6}},"ao":0,"shapes":[{"ty":"gr","it":[{"ind":0,"ty":"sh","ix":1,"ks":{"a":0,"k":{"i":[[5.47,-4.1],[0,7.36],[-5.47,4.1],[0,-7.36]],"o":[[-5.47,-4.1],[0,-7.36],[5.47,4.1],[0,7.36]],"v":[[9,36],[0,18],[9,0],[18,18]],"c":true},"ix":2},"nm":"Path 1","mn":"ADBE Vector Shape - Group","hd":false},{"ty":"gf","o":{"a":0,"k":100,"ix":10},"r":1,"g":{"p":3,"k":{"a":0,"k":[0,0.969,0.69,0.02,0.5,0.947,0.58,0.014,1,0.925,0.471,0.008],"ix":9}},"s":{"a":0,"k":[9.23,1.652],"ix":5},"e":{"a":0,"k":[9.045,36.841],"ix":6},"t":1,"nm":"Gradient Fill 1","mn":"ADBE Vector Graphic - G-Fill","hd":false},{"ty":"tr","p":{"a":0,"k":[0,0],"ix":2},"a":{"a":0,"k":[0,0],"ix":1},"s":{"a":0,"k":[1000,1000],"ix":3},"r":{"a":0,"k":0,"ix":6},"o":{"a":0,"k":100,"ix":7},"sk":{"a":0,"k":0,"ix":4},"sa":{"a":0,"k":0,"ix":5},"nm":"Transform"}],"nm":"Group 1","np":2,"cix":2,"ix":1,"mn":"ADBE Vector Group","hd":false}],"ip":0,"op":150,"st":0,"bm":0},{"ddd":0,"ind":6,"ty":4,"nm":"Marigold 6","sr":1,"ks":{"o":{"a":0,"k":100,"ix":11},"r":{"a":0,"k":135,"ix":10},"p":{"a":0,"k":[844,703.5,0],"ix":2},"a":{"a":0,"k":[90,180,0],"ix":1},"s":{"a":0,"k":[14.444,14.444,100],"ix":6}},"ao":0,"shapes":[{"ty":"gr","it":[{"ind":0,"ty":"sh","ix":1,"ks":{"a":0,"k":{"i":[[5.47,-4.1],[0,7.36],[-5.47,4.1],[0,-7.36]],"o":[[-5.47,-4.1],[0,-7.36],[5.47,4.1],[0,7.36]],"v":[[9,36],[0,18],[9,0],[18,18]],"c":true},"ix":2},"nm":"Path 1","mn":"ADBE Vector Shape - Group","hd":false},{"ty":"gf","o":{"a":0,"k":100,"ix":10},"r":1,"g":{"p":3,"k":{"a":0,"k":[0,0.969,0.69,0.02,0.5,0.947,0.58,0.014,1,0.925,0.471,0.008],"ix":9}},"s":{"a":0,"k":[9.23,1.652],"ix":5},"e":{"a":0,"k":[9.045,36.841],"ix":6},"t":1,"nm":"Gradient Fill 1","mn":"ADBE Vector Graphic - G-Fill","hd":false},{"ty":"tr","p":{"a":0,"k":[0,0],"ix":2},"a":{"a":0,"k":[0,0],"ix":1},"s":{"a":0,"k":[1000,1000],"ix":3},"r":{"a":0,"k":0,"ix":6},"o":{"a":0,"k":100,"ix":7},"sk":{"a":0,"k":0,"ix":4},"sa":{"a":0,"k":0,"ix":5},"nm":"Transform"}],"nm":"Group 1","np":2,"cix":2,"ix":1,"mn":"ADBE Vector Group","hd":false}],"ip":0,"op":150,"st":0,"bm":0},{"ddd":0,"ind":7,"ty":4,"nm":"Marigold 9","sr":1,"ks":{"o":{"a":0,"k":100,"ix":11},"r":{"a":0,"k":-22,"ix":10},"p":{"a":0,"k":[852.5,696,0],"ix":2},"a":{"a":0,"k":[90,180,0],"ix":1},"s":{"a":0,"k":[14.444,14.444,100],"ix":6}},"ao":0,"shapes":[{"ty":"gr","it":[{"ind":0,"ty":"sh","ix":1,"ks":{"a":0,"k":{"i":[[5.47,-4.1],[0,7.36],[-5.47,4.1],[0,-7.36]],"o":[[-5.47,-4.1],[0,-7.36],[5.47,4.1],[0,7.36]],"v":[[9,36],[0,18],[9,0],[18,18]],"c":true},"ix":2},"nm":"Path 1","mn":"ADBE Vector Shape - Group","hd":false},{"ty":"gf","o":{"a":0,"k":100,"ix":10},"r":1,"g":{"p":3,"k":{"a":0,"k":[0,1,0.886,0,0.5,1,0.822,0,1,1,0.757,0],"ix":9}},"s":{"a":0,"k":[9.23,1.652],"ix":5},"e":{"a":0,"k":[9.045,36.841],"ix":6},"t":1,"nm":"Gradient Fill 1","mn":"ADBE Vector Graphic - G-Fill","hd":false},{"ty":"tr","p":{"a":0,"k":[0,0],"ix":2},"a":{"a":0,"k":[0,0],"ix":1},"s":{"a":0,"k":[1000,1000],"ix":3},"r":{"a":0,"k":0,"ix":6},"o":{"a":0,"k":100,"ix":7},"sk":{"a":0,"k":0,"ix":4},"sa":{"a":0,"k":0,"ix":5},"nm":"Transform"}],"nm":"Group 1","np":2,"cix":2,"ix":1,"mn":"ADBE Vector Group","hd":false}],"ip":0,"op":150,"st":0,"bm":0},{"ddd":0,"ind":8,"ty":4,"nm":"Marigold 8","sr":1,"ks":{"o":{"a":0,"k":100,"ix":11},"r":{"a":0,"k":135,"ix":10},"p":{"a":0,"k":[881.5,740,0],"ix":2},"a":{"a":0,"k":[90,180,0],"ix":1},"s":{"a":0,"k":[14.444,14.444,100],"ix":6}},"ao":0,"shapes":[{"ty":"gr","it":[{"ind":0,"ty":"sh","ix":1,"ks":{"a":0,"k":{"i":[[5.47,-4.1],[0,7.36],[-5.47,4.1],[0,-7.36]],"o":[[-5.47,-4.1],[0,-7.36],[5.47,4.1],[0,7.36]],"v":[[9,36],[0,18],[9,0],[18,18]],"c":true},"ix":2},"nm":"Path 1","mn":"ADBE Vector Shape - Group","hd":false},{"ty":"gf","o":{"a":0,"k":100,"ix":10},"r":1,"g":{"p":3,"k":{"a":0,"k":[0,0.969,0.69,0.02,0.5,0.947,0.58,0.014,1,0.925,0.471,0.008],"ix":9}},"s":{"a":0,"k":[9.23,1.652],"ix":5},"e":{"a":0,"k":[9.045,36.841],"ix":6},"t":1,"nm":"Gradient Fill 1","mn":"ADBE Vector Graphic - G-Fill","hd":false},{"ty":"tr","p":{"a":0,"k":[0,0],"ix":2},"a":{"a":0,"k":[0,0],"ix":1},"s":{"a":0,"k":[1000,1000],"ix":3},"r":{"a":0,"k":0,"ix":6},"o":{"a":0,"k":100,"ix":7},"sk":{"a":0,"k":0,"ix":4},"sa":{"a":0,"k":0,"ix":5},"nm":"Transform"}],"nm":"Group 1","np":2,"cix":2,"ix":1,"mn":"ADBE Vector Group","hd":false}],"ip":0,"op":150,"st":0,"bm":0},{"ddd":0,"ind":9,"ty":4,"nm":"Marigold 5","sr":1,"ks":{"o":{"a":0,"k":100,"ix":11},"r":{"a":0,"k":45,"ix":10},"p":{"a":0,"k":[881.5,703.5,0],"ix":2},"a":{"a":0,"k":[90,180,0],"ix":1},"s":{"a":0,"k":[14.444,14.444,100],"ix":6}},"ao":0,"shapes":[{"ty":"gr","it":[{"ind":0,"ty":"sh","ix":1,"ks":{"a":0,"k":{"i":[[5.47,-4.1],[0,7.36],[-5.47,4.1],[0,-7.36]],"o":[[-5.47,-4.1],[0,-7.36],[5.47,4.1],[0,7.36]],"v":[[9,36],[0,18],[9,0],[18,18]],"c":true},"ix":2},"nm":"Path 1","mn":"ADBE Vector Shape - Group","hd":false},{"ty":"gf","o":{"a":0,"k":100,"ix":10},"r":1,"g":{"p":3,"k":{"a":0,"k":[0,0.969,0.69,0.02,0.5,0.947,0.58,0.014,1,0.925,0.471,0.008],"ix":9}},"s":{"a":0,"k":[9.23,1.652],"ix":5},"e":{"a":0,"k":[9.045,36.841],"ix":6},"t":1,"nm":"Gradient Fill 1","mn":"ADBE Vector Graphic - G-Fill","hd":false},{"ty":"tr","p":{"a":0,"k":[0,0],"ix":2},"a":{"a":0,"k":[0,0],"ix":1},"s":{"a":0,"k":[1000,1000],"ix":3},"r":{"a":0,"k":0,"ix":6},"o":{"a":0,"k":100,"ix":7},"sk":{"a":0,"k":0,"ix":4},"sa":{"a":0,"k":0,"ix":5},"nm":"Transform"}],"nm":"Group 1","np":2,"cix":2,"ix":1,"mn":"ADBE Vector Group","hd":false}],"ip":0,"op":150,"st":0,"bm":0},{"ddd":0,"ind":10,"ty":4,"nm":"Marigold 16","sr":1,"ks":{"o":{"a":0,"k":100,"ix":11},"r":{"a":0,"k":294,"ix":10},"p":{"a":0,"k":[838.5,712,0],"ix":2},"a":{"a":0,"k":[90,180,0],"ix":1},"s":{"a":0,"k":[14.444,14.444,100],"ix":6}},"ao":0,"shapes":[{"ty":"gr","it":[{"ind":0,"ty":"sh","ix":1,"ks":{"a":0,"k":{"i":[[5.47,-4.1],[0,7.36],[-5.47,4.1],[0,-7.36]],"o":[[-5.47,-4.1],[0,-7.36],[5.47,4.1],[0,7.36]],"v":[[9,36],[0,18],[9,0],[18,18]],"c":true},"ix":2},"nm":"Path 1","mn":"ADBE Vector Shape - Group","hd":false},{"ty":"gf","o":{"a":0,"k":100,"ix":10},"r":1,"g":{"p":3,"k":{"a":0,"k":[0,1,0.886,0,0.5,1,0.822,0,1,1,0.757,0],"ix":9}},"s":{"a":0,"k":[9.23,1.652],"ix":5},"e":{"a":0,"k":[9.045,36.841],"ix":6},"t":1,"nm":"Gradient Fill 1","mn":"ADBE Vector Graphic - G-Fill","hd":false},{"ty":"tr","p":{"a":0,"k":[0,0],"ix":2},"a":{"a":0,"k":[0,0],"ix":1},"s":{"a":0,"k":[1000,1000],"ix":3},"r":{"a":0,"k":0,"ix":6},"o":{"a":0,"k":100,"ix":7},"sk":{"a":0,"k":0,"ix":4},"sa":{"a":0,"k":0,"ix":5},"nm":"Transform"}],"nm":"Group 1","np":2,"cix":2,"ix":1,"mn":"ADBE Vector Group","hd":false}],"ip":0,"op":150,"st":0,"bm":0},{"ddd":0,"ind":11,"ty":4,"nm":"Marigold 15","sr":1,"ks":{"o":{"a":0,"k":100,"ix":11},"r":{"a":0,"k":246,"ix":10},"p":{"a":0,"k":[838.5,733.5,0],"ix":2},"a":{"a":0,"k":[90,180,0],"ix":1},"s":{"a":0,"k":[14.444,14.444,100],"ix":6}},"ao":0,"shapes":[{"ty":"gr","it":[{"ind":0,"ty":"sh","ix":1,"ks":{"a":0,"k":{"i":[[5.47,-4.1],[0,7.36],[-5.47,4.1],[0,-7.36]],"o":[[-5.47,-4.1],[0,-7.36],[5.47,4.1],[0,7.36]],"v":[[9,36],[0,18],[9,0],[18,18]],"c":true},"ix":2},"nm":"Path 1","mn":"ADBE Vector Shape - Group","hd":false},{"ty":"gf","o":{"a":0,"k":100,"ix":10},"r":1,"g":{"p":3,"k":{"a":0,"k":[0,1,0.886,0,0.5,1,0.822,0,1,1,0.757,0],"ix":9}},"s":{"a":0,"k":[9.23,1.652],"ix":5},"e":{"a":0,"k":[9.045,36.841],"ix":6},"t":1,"nm":"Gradient Fill 1","mn":"ADBE Vector Graphic - G-Fill","hd":false},{"ty":"tr","p":{"a":0,"k":[0,0],"ix":2},"a":{"a":0,"k":[0,0],"ix":1},"s":{"a":0,"k":[1000,1000],"ix":3},"r":{"a":0,"k":0,"ix":6},"o":{"a":0,"k":100,"ix":7},"sk":{"a":0,"k":0,"ix":4},"sa":{"a":0,"k":0,"ix":5},"nm":"Transform"}],"nm":"Group 1","np":2,"cix":2,"ix":1,"mn":"ADBE Vector Group","hd":false}],"ip":0,"op":150,"st":0,"bm":0},{"ddd":0,"ind":12,"ty":4,"nm":"Marigold 14","sr":1,"ks":{"o":{"a":0,"k":100,"ix":11},"r":{"a":0,"k":201,"ix":10},"p":{"a":0,"k":[853.5,745.5,0],"ix":2},"a":{"a":0,"k":[90,180,0],"ix":1},"s":{"a":0,"k":[14.444,14.444,100],"ix":6}},"ao":0,"shapes":[{"ty":"gr","it":[{"ind":0,"ty":"sh","ix":1,"ks":{"a":0,"k":{"i":[[5.47,-4.1],[0,7.36],[-5.47,4.1],[0,-7.36]],"o":[[-5.47,-4.1],[0,-7.36],[5.47,4.1],[0,7.36]],"v":[[9,36],[0,18],[9,0],[18,18]],"c":true},"ix":2},"nm":"Path 1","mn":"ADBE Vector Shape - Group","hd":false},{"ty":"gf","o":{"a":0,"k":100,"ix":10},"r":1,"g":{"p":3,"k":{"a":0,"k":[0,1,0.886,0,0.5,1,0.822,0,1,1,0.757,0],"ix":9}},"s":{"a":0,"k":[9.23,1.652],"ix":5},"e":{"a":0,"k":[9.045,36.841],"ix":6},"t":1,"nm":"Gradient Fill 1","mn":"ADBE Vector Graphic - G-Fill","hd":false},{"ty":"tr","p":{"a":0,"k":[0,0],"ix":2},"a":{"a":0,"k":[0,0],"ix":1},"s":{"a":0,"k":[1000,1000],"ix":3},"r":{"a":0,"k":0,"ix":6},"o":{"a":0,"k":100,"ix":7},"sk":{"a":0,"k":0,"ix":4},"sa":{"a":0,"k":0,"ix":5},"nm":"Transform"}],"nm":"Group 1","np":2,"cix":2,"ix":1,"mn":"ADBE Vector Group","hd":false}],"ip":0,"op":150,"st":0,"bm":0},{"ddd":0,"ind":13,"ty":4,"nm":"Marigold 13","sr":1,"ks":{"o":{"a":0,"k":100,"ix":11},"r":{"a":0,"k":159,"ix":10},"p":{"a":0,"k":[872,745.5,0],"ix":2},"a":{"a":0,"k":[90,180,0],"ix":1},"s":{"a":0,"k":[14.444,14.444,100],"ix":6}},"ao":0,"shapes":[{"ty":"gr","it":[{"ind":0,"ty":"sh","ix":1,"ks":{"a":0,"k":{"i":[[5.47,-4.1],[0,7.36],[-5.47,4.1],[0,-7.36]],"o":[[-5.47,-4.1],[0,-7.36],[5.47,4.1],[0,7.36]],"v":[[9,36],[0,18],[9,0],[18,18]],"c":true},"ix":2},"nm":"Path 1","mn":"ADBE Vector Shape - Group","hd":false},{"ty":"gf","o":{"a":0,"k":100,"ix":10},"r":1,"g":{"p":3,"k":{"a":0,"k":[0,1,0.886,0,0.5,1,0.822,0,1,1,0.757,0],"ix":9}},"s":{"a":0,"k":[9.23,1.652],"ix":5},"e":{"a":0,"k":[9.045,36.841],"ix":6},"t":1,"nm":"Gradient Fill 1","mn":"ADBE Vector Graphic - G-Fill","hd":false},{"ty":"tr","p":{"a":0,"k":[0,0],"ix":2},"a":{"a":0,"k":[0,0],"ix":1},"s":{"a":0,"k":[1000,1000],"ix":3},"r":{"a":0,"k":0,"ix":6},"o":{"a":0,"k":100,"ix":7},"sk":{"a":0,"k":0,"ix":4},"sa":{"a":0,"k":0,"ix":5},"nm":"Transform"}],"nm":"Group 1","np":2,"cix":2,"ix":1,"mn":"ADBE Vector Group","hd":false}],"ip":0,"op":150,"st":0,"bm":0},{"ddd":0,"ind":14,"ty":4,"nm":"Marigold 12","sr":1,"ks":{"o":{"a":0,"k":100,"ix":11},"r":{"a":0,"k":110,"ix":10},"p":{"a":0,"k":[887,731.5,0],"ix":2},"a":{"a":0,"k":[90,180,0],"ix":1},"s":{"a":0,"k":[14.444,14.444,100],"ix":6}},"ao":0,"shapes":[{"ty":"gr","it":[{"ind":0,"ty":"sh","ix":1,"ks":{"a":0,"k":{"i":[[5.47,-4.1],[0,7.36],[-5.47,4.1],[0,-7.36]],"o":[[-5.47,-4.1],[0,-7.36],[5.47,4.1],[0,7.36]],"v":[[9,36],[0,18],[9,0],[18,18]],"c":true},"ix":2},"nm":"Path 1","mn":"ADBE Vector Shape - Group","hd":false},{"ty":"gf","o":{"a":0,"k":100,"ix":10},"r":1,"g":{"p":3,"k":{"a":0,"k":[0,1,0.886,0,0.5,1,0.822,0,1,1,0.757,0],"ix":9}},"s":{"a":0,"k":[9.23,1.652],"ix":5},"e":{"a":0,"k":[9.045,36.841],"ix":6},"t":1,"nm":"Gradient Fill 1","mn":"ADBE Vector Graphic - G-Fill","hd":false},{"ty":"tr","p":{"a":0,"k":[0,0],"ix":2},"a":{"a":0,"k":[0,0],"ix":1},"s":{"a":0,"k":[1000,1000],"ix":3},"r":{"a":0,"k":0,"ix":6},"o":{"a":0,"k":100,"ix":7},"sk":{"a":0,"k":0,"ix":4},"sa":{"a":0,"k":0,"ix":5},"nm":"Transform"}],"nm":"Group 1","np":2,"cix":2,"ix":1,"mn":"ADBE Vector Group","hd":false}],"ip":0,"op":150,"st":0,"bm":0},{"ddd":0,"ind":15,"ty":4,"nm":"Marigold 11","sr":1,"ks":{"o":{"a":0,"k":100,"ix":11},"r":{"a":0,"k":72,"ix":10},"p":{"a":0,"k":[887,712,0],"ix":2},"a":{"a":0,"k":[90,180,0],"ix":1},"s":{"a":0,"k":[14.444,14.444,100],"ix":6}},"ao":0,"shapes":[{"ty":"gr","it":[{"ind":0,"ty":"sh","ix":1,"ks":{"a":0,"k":{"i":[[5.47,-4.1],[0,7.36],[-5.47,4.1],[0,-7.36]],"o":[[-5.47,-4.1],[0,-7.36],[5.47,4.1],[0,7.36]],"v":[[9,36],[0,18],[9,0],[18,18]],"c":true},"ix":2},"nm":"Path 1","mn":"ADBE Vector Shape - Group","hd":false},{"ty":"gf","o":{"a":0,"k":100,"ix":10},"r":1,"g":{"p":3,"k":{"a":0,"k":[0,1,0.886,0,0.5,1,0.822,0,1,1,0.757,0],"ix":9}},"s":{"a":0,"k":[9.23,1.652],"ix":5},"e":{"a":0,"k":[9.045,36.841],"ix":6},"t":1,"nm":"Gradient Fill 1","mn":"ADBE Vector Graphic - G-Fill","hd":false},{"ty":"tr","p":{"a":0,"k":[0,0],"ix":2},"a":{"a":0,"k":[0,0],"ix":1},"s":{"a":0,"k":[1000,1000],"ix":3},"r":{"a":0,"k":0,"ix":6},"o":{"a":0,"k":100,"ix":7},"sk":{"a":0,"k":0,"ix":4},"sa":{"a":0,"k":0,"ix":5},"nm":"Transform"}],"nm":"Group 1","np":2,"cix":2,"ix":1,"mn":"ADBE Vector Group","hd":false}],"ip":0,"op":150,"st":0,"bm":0},{"ddd":0,"ind":16,"ty":4,"nm":"Marigold 10","sr":1,"ks":{"o":{"a":0,"k":100,"ix":11},"r":{"a":0,"k":22,"ix":10},"p":{"a":0,"k":[872.5,696,0],"ix":2},"a":{"a":0,"k":[90,180,0],"ix":1},"s":{"a":0,"k":[14.444,14.444,100],"ix":6}},"ao":0,"shapes":[{"ty":"gr","it":[{"ind":0,"ty":"sh","ix":1,"ks":{"a":0,"k":{"i":[[5.47,-4.1],[0,7.36],[-5.47,4.1],[0,-7.36]],"o":[[-5.47,-4.1],[0,-7.36],[5.47,4.1],[0,7.36]],"v":[[9,36],[0,18],[9,0],[18,18]],"c":true},"ix":2},"nm":"Path 1","mn":"ADBE Vector Shape - Group","hd":false},{"ty":"gf","o":{"a":0,"k":100,"ix":10},"r":1,"g":{"p":3,"k":{"a":0,"k":[0,1,0.886,0,0.5,1,0.822,0,1,1,0.757,0],"ix":9}},"s":{"a":0,"k":[9.23,1.652],"ix":5},"e":{"a":0,"k":[9.045,36.841],"ix":6},"t":1,"nm":"Gradient Fill 1","mn":"ADBE Vector Graphic - G-Fill","hd":false},{"ty":"tr","p":{"a":0,"k":[0,0],"ix":2},"a":{"a":0,"k":[0,0],"ix":1},"s":{"a":0,"k":[1000,1000],"ix":3},"r":{"a":0,"k":0,"ix":6},"o":{"a":0,"k":100,"ix":7},"sk":{"a":0,"k":0,"ix":4},"sa":{"a":0,"k":0,"ix":5},"nm":"Transform"}],"nm":"Group 1","np":2,"cix":2,"ix":1,"mn":"ADBE Vector Group","hd":false}],"ip":0,"op":150,"st":0,"bm":0},{"ddd":0,"ind":17,"ty":4,"nm":"Marigold 20","sr":1,"ks":{"o":{"a":0,"k":100,"ix":11},"r":{"a":0,"k":270,"ix":10},"p":{"a":0,"k":[826.5,722.5,0],"ix":2},"a":{"a":0,"k":[90,180,0],"ix":1},"s":{"a":0,"k":[14.444,14.444,100],"ix":6}},"ao":0,"shapes":[{"ty":"gr","it":[{"ind":0,"ty":"sh","ix":1,"ks":{"a":0,"k":{"i":[[5.47,-4.1],[0,7.36],[-5.47,4.1],[0,-7.36]],"o":[[-5.47,-4.1],[0,-7.36],[5.47,4.1],[0,7.36]],"v":[[9,36],[0,18],[9,0],[18,18]],"c":true},"ix":2},"nm":"Path 1","mn":"ADBE Vector Shape - Group","hd":false},{"ty":"gf","o":{"a":0,"k":100,"ix":10},"r":1,"g":{"p":3,"k":{"a":0,"k":[0,0.969,0.69,0.02,0.5,0.947,0.58,0.014,1,0.925,0.471,0.008],"ix":9}},"s":{"a":0,"k":[9.23,1.652],"ix":5},"e":{"a":0,"k":[9.045,36.841],"ix":6},"t":1,"nm":"Gradient Fill 1","mn":"ADBE Vector Graphic - G-Fill","hd":false},{"ty":"tr","p":{"a":0,"k":[0,0],"ix":2},"a":{"a":0,"k":[0,0],"ix":1},"s":{"a":0,"k":[1000,1000],"ix":3},"r":{"a":0,"k":0,"ix":6},"o":{"a":0,"k":100,"ix":7},"sk":{"a":0,"k":0,"ix":4},"sa":{"a":0,"k":0,"ix":5},"nm":"Transform"}],"nm":"Group 1","np":2,"cix":2,"ix":1,"mn":"ADBE Vector Group","hd":false}],"ip":0,"op":150,"st":0,"bm":0},{"ddd":0,"ind":18,"ty":4,"nm":"Marigold 19","sr":1,"ks":{"o":{"a":0,"k":100,"ix":11},"r":{"a":0,"k":180,"ix":10},"p":{"a":0,"k":[863,753,0],"ix":2},"a":{"a":0,"k":[90,180,0],"ix":1},"s":{"a":0,"k":[14.444,14.444,100],"ix":6}},"ao":0,"shapes":[{"ty":"gr","it":[{"ind":0,"ty":"sh","ix":1,"ks":{"a":0,"k":{"i":[[5.47,-4.1],[0,7.36],[-5.47,4.1],[0,-7.36]],"o":[[-5.47,-4.1],[0,-7.36],[5.47,4.1],[0,7.36]],"v":[[9,36],[0,18],[9,0],[18,18]],"c":true},"ix":2},"nm":"Path 1","mn":"ADBE Vector Shape - Group","hd":false},{"ty":"gf","o":{"a":0,"k":100,"ix":10},"r":1,"g":{"p":3,"k":{"a":0,"k":[0,0.969,0.69,0.02,0.5,0.947,0.58,0.014,1,0.925,0.471,0.008],"ix":9}},"s":{"a":0,"k":[9.23,1.652],"ix":5},"e":{"a":0,"k":[9.045,36.841],"ix":6},"t":1,"nm":"Gradient Fill 1","mn":"ADBE Vector Graphic - G-Fill","hd":false},{"ty":"tr","p":{"a":0,"k":[0,0],"ix":2},"a":{"a":0,"k":[0,0],"ix":1},"s":{"a":0,"k":[1000,1000],"ix":3},"r":{"a":0,"k":0,"ix":6},"o":{"a":0,"k":100,"ix":7},"sk":{"a":0,"k":0,"ix":4},"sa":{"a":0,"k":0,"ix":5},"nm":"Transform"}],"nm":"Group 1","np":2,"cix":2,"ix":1,"mn":"ADBE Vector Group","hd":false}],"ip":0,"op":150,"st":0,"bm":0},{"ddd":0,"ind":19,"ty":4,"nm":"Marigold 18","sr":1,"ks":{"o":{"a":0,"k":100,"ix":11},"r":{"a":0,"k":90,"ix":10},"p":{"a":0,"k":[900,722,0],"ix":2},"a":{"a":0,"k":[90,180,0],"ix":1},"s":{"a":0,"k":[14.444,14.444,100],"ix":6}},"ao":0,"shapes":[{"ty":"gr","it":[{"ind":0,"ty":"sh","ix":1,"ks":{"a":0,"k":{"i":[[5.47,-4.1],[0,7.36],[-5.47,4.1],[0,-7.36]],"o":[[-5.47,-4.1],[0,-7.36],[5.47,4.1],[0,7.36]],"v":[[9,36],[0,18],[9,0],[18,18]],"c":true},"ix":2},"nm":"Path 1","mn":"ADBE Vector Shape - Group","hd":false},{"ty":"gf","o":{"a":0,"k":100,"ix":10},"r":1,"g":{"p":3,"k":{"a":0,"k":[0,0.969,0.69,0.02,0.5,0.947,0.58,0.014,1,0.925,0.471,0.008],"ix":9}},"s":{"a":0,"k":[9.23,1.652],"ix":5},"e":{"a":0,"k":[9.045,36.841],"ix":6},"t":1,"nm":"Gradient Fill 1","mn":"ADBE Vector Graphic - G-Fill","hd":false},{"ty":"tr","p":{"a":0,"k":[0,0],"ix":2},"a":{"a":0,"k":[0,0],"ix":1},"s":{"a":0,"k":[1000,1000],"ix":3},"r":{"a":0,"k":0,"ix":6},"o":{"a":0,"k":100,"ix":7},"sk":{"a":0,"k":0,"ix":4},"sa":{"a":0,"k":0,"ix":5},"nm":"Transform"}],"nm":"Group 1","np":2,"cix":2,"ix":1,"mn":"ADBE Vector Group","hd":false}],"ip":0,"op":150,"st":0,"bm":0},{"ddd":0,"ind":20,"ty":4,"nm":"Marigold 17","sr":1,"ks":{"o":{"a":0,"k":100,"ix":11},"r":{"a":0,"k":0,"ix":10},"p":{"a":0,"k":[862.5,689.5,0],"ix":2},"a":{"a":0,"k":[90,180,0],"ix":1},"s":{"a":0,"k":[14.444,14.444,100],"ix":6}},"ao":0,"shapes":[{"ty":"gr","it":[{"ind":0,"ty":"sh","ix":1,"ks":{"a":0,"k":{"i":[[5.47,-4.1],[0,7.36],[-5.47,4.1],[0,-7.36]],"o":[[-5.47,-4.1],[0,-7.36],[5.47,4.1],[0,7.36]],"v":[[9,36],[0,18],[9,0],[18,18]],"c":true},"ix":2},"nm":"Path 1","mn":"ADBE Vector Shape - Group","hd":false},{"ty":"gf","o":{"a":0,"k":100,"ix":10},"r":1,"g":{"p":3,"k":{"a":0,"k":[0,0.969,0.69,0.02,0.5,0.947,0.58,0.014,1,0.925,0.471,0.008],"ix":9}},"s":{"a":0,"k":[9.23,1.652],"ix":5},"e":{"a":0,"k":[9.045,36.841],"ix":6},"t":1,"nm":"Gradient Fill 1","mn":"ADBE Vector Graphic - G-Fill","hd":false},{"ty":"tr","p":{"a":0,"k":[0,0],"ix":2},"a":{"a":0,"k":[0,0],"ix":1},"s":{"a":0,"k":[1000,1000],"ix":3},"r":{"a":0,"k":0,"ix":6},"o":{"a":0,"k":100,"ix":7},"sk":{"a":0,"k":0,"ix":4},"sa":{"a":0,"k":0,"ix":5},"nm":"Transform"}],"nm":"Group 1","np":2,"cix":2,"ix":1,"mn":"ADBE Vector Group","hd":false}],"ip":0,"op":150,"st":0,"bm":0}]},{"id":"comp_3","layers":[{"ddd":0,"ind":1,"ty":4,"nm":"Combined Shape Copy 10","sr":1,"ks":{"o":{"a":0,"k":100,"ix":11},"r":{"a":0,"k":0,"ix":10},"p":{"a":1,"k":[{"i":{"x":0.833,"y":0.833},"o":{"x":0.167,"y":0.167},"n":"0p833_0p833_0p167_0p167","t":10.8,"s":[282.705,208.357,0],"e":[275.705,168.357,0],"to":[-1.16666662693024,-6.66666650772095,0],"ti":[1.16666662693024,6.66666650772095,0]},{"t":15.6}],"ix":2},"a":{"a":0,"k":[9.59,13.885,0],"ix":1},"s":{"a":1,"k":[{"i":{"x":[0.833,0.833,0.833],"y":[0.833,0.833,0.833]},"o":{"x":[0.167,0.167,0.167],"y":[0.167,0.167,0.167]},"n":["0p833_0p833_0p167_0p167","0p833_0p833_0p167_0p167","0p833_0p833_0p167_0p167"],"t":10.8,"s":[0,0,100],"e":[-100,100,100]},{"i":{"x":[0.833,0.833,0.833],"y":[0.833,0.833,0.833]},"o":{"x":[0.167,0.167,0.167],"y":[0.167,0.167,0.167]},"n":["0p833_0p833_0p167_0p167","0p833_0p833_0p167_0p167","0p833_0p833_0p167_0p167"],"t":15.6,"s":[-100,100,100],"e":[-100,100,100]},{"i":{"x":[0.833,0.833,0.833],"y":[0.833,0.833,0.833]},"o":{"x":[0.167,0.167,0.167],"y":[0.167,0.167,0.167]},"n":["0p833_0p833_0p167_0p167","0p833_0p833_0p167_0p167","0p833_0p833_0p167_0p167"],"t":27.92,"s":[-100,100,100],"e":[100,100,100]},{"t":30.480078125}],"ix":6}},"ao":0,"shapes":[{"ty":"gr","it":[{"ind":0,"ty":"sh","ix":1,"ks":{"a":0,"k":{"i":[[-0.46,1.09],[-0.64,-1.11],[0.47,-1.1],[0.64,1.12]],"o":[[1.18,0.15],[0.64,1.12],[-1.17,-0.15],[-0.64,-1.11]],"v":[[0.31,0],[3.23,1.94],[3.45,5.45],[0.53,3.5]],"c":true},"ix":2},"nm":"Path 1","mn":"ADBE Vector Shape - Group","hd":false},{"ty":"fl","c":{"a":0,"k":[0.929412007332,0.21960799396,0.447059005499,1],"ix":4},"o":{"a":0,"k":100,"ix":5},"r":1,"nm":"Fill 1","mn":"ADBE Vector Graphic - Fill","hd":false},{"ty":"tr","p":{"a":0,"k":[0,0],"ix":2},"a":{"a":0,"k":[0,0],"ix":1},"s":{"a":0,"k":[509.554,509.554],"ix":3},"r":{"a":0,"k":0,"ix":6},"o":{"a":0,"k":100,"ix":7},"sk":{"a":0,"k":0,"ix":4},"sa":{"a":0,"k":0,"ix":5},"nm":"Transform"}],"nm":"Group 1","np":2,"cix":2,"ix":1,"mn":"ADBE Vector Group","hd":false}],"ip":0,"op":150,"st":0,"bm":0},{"ddd":0,"ind":2,"ty":4,"nm":"Combined Shape Copy 8","sr":1,"ks":{"o":{"a":0,"k":100,"ix":11},"r":{"a":0,"k":0,"ix":10},"p":{"a":1,"k":[{"i":{"x":0.833,"y":0.833},"o":{"x":0.167,"y":0.167},"n":"0p833_0p833_0p167_0p167","t":6.32,"s":[275.705,110.064,0],"e":[275.705,70.064,0],"to":[0,-6.66666650772095,0],"ti":[0,6.66666650772095,0]},{"t":10.480078125}],"ix":2},"a":{"a":0,"k":[9.59,13.885,0],"ix":1},"s":{"a":1,"k":[{"i":{"x":[0.833,0.833,0.833],"y":[0.833,0.833,0.833]},"o":{"x":[0.167,0.167,0.167],"y":[0.167,0.167,0.167]},"n":["0p833_0p833_0p167_0p167","0p833_0p833_0p167_0p167","0p833_0p833_0p167_0p167"],"t":6.32,"s":[100,100,100],"e":[0,0,100]},{"t":10.480078125}],"ix":6}},"ao":0,"shapes":[{"ty":"gr","it":[{"ind":0,"ty":"sh","ix":1,"ks":{"a":0,"k":{"i":[[-0.46,1.09],[-0.64,-1.11],[0.47,-1.1],[0.64,1.12]],"o":[[1.18,0.15],[0.64,1.12],[-1.17,-0.15],[-0.64,-1.11]],"v":[[0.31,0],[3.23,1.94],[3.45,5.45],[0.53,3.5]],"c":true},"ix":2},"nm":"Path 1","mn":"ADBE Vector Shape - Group","hd":false},{"ty":"fl","c":{"a":0,"k":[0.929412007332,0.21960799396,0.447059005499,1],"ix":4},"o":{"a":0,"k":100,"ix":5},"r":1,"nm":"Fill 1","mn":"ADBE Vector Graphic - Fill","hd":false},{"ty":"tr","p":{"a":0,"k":[0,0],"ix":2},"a":{"a":0,"k":[0,0],"ix":1},"s":{"a":0,"k":[509.554,509.554],"ix":3},"r":{"a":0,"k":0,"ix":6},"o":{"a":0,"k":100,"ix":7},"sk":{"a":0,"k":0,"ix":4},"sa":{"a":0,"k":0,"ix":5},"nm":"Transform"}],"nm":"Group 1","np":2,"cix":2,"ix":1,"mn":"ADBE Vector Group","hd":false}],"ip":0,"op":150,"st":0,"bm":0},{"ddd":0,"ind":3,"ty":4,"nm":"Combined Shape Copy 7","sr":1,"ks":{"o":{"a":0,"k":100,"ix":11},"r":{"a":0,"k":0,"ix":10},"p":{"a":1,"k":[{"i":{"x":0.833,"y":0.833},"o":{"x":0.167,"y":0.167},"n":"0p833_0p833_0p167_0p167","t":4.4,"s":[275.705,168.357,0],"e":[275.705,110.064,0],"to":[0,-9.71549606323242,0],"ti":[0,9.71549606323242,0]},{"i":{"x":0.833,"y":0.833},"o":{"x":0.167,"y":0.167},"n":"0p833_0p833_0p167_0p167","t":9.84,"s":[275.705,110.064,0],"e":[275.705,110.064,0],"to":[0,0,0],"ti":[0,0,0]},{"t":26}],"ix":2},"a":{"a":0,"k":[9.59,13.885,0],"ix":1},"s":{"a":1,"k":[{"i":{"x":[0.833,0.833,0.833],"y":[0.833,0.833,0.833]},"o":{"x":[0.167,0.167,0.167],"y":[0.167,0.167,0.167]},"n":["0p833_0p833_0p167_0p167","0p833_0p833_0p167_0p167","0p833_0p833_0p167_0p167"],"t":4.4,"s":[100,100,100],"e":[-100,100,100]},{"i":{"x":[0.833,0.833,0.833],"y":[0.833,0.833,0.833]},"o":{"x":[0.167,0.167,0.167],"y":[0.167,0.167,0.167]},"n":["0p833_0p833_0p167_0p167","0p833_0p833_0p167_0p167","0p833_0p833_0p167_0p167"],"t":9.84,"s":[-100,100,100],"e":[-100,100,100]},{"i":{"x":[0.833,0.833,0.833],"y":[0.833,0.833,0.833]},"o":{"x":[0.167,0.167,0.167],"y":[0.167,0.167,0.167]},"n":["0p833_0p833_0p167_0p167","0p833_0p833_0p167_0p167","0p833_0p833_0p167_0p167"],"t":26,"s":[-100,100,100],"e":[100,100,100]},{"t":27.919921875}],"ix":6}},"ao":0,"shapes":[{"ty":"gr","it":[{"ind":0,"ty":"sh","ix":1,"ks":{"a":0,"k":{"i":[[-0.46,1.09],[-0.64,-1.11],[0.47,-1.1],[0.64,1.12]],"o":[[1.18,0.15],[0.64,1.12],[-1.17,-0.15],[-0.64,-1.11]],"v":[[0.31,0],[3.23,1.94],[3.45,5.45],[0.53,3.5]],"c":true},"ix":2},"nm":"Path 1","mn":"ADBE Vector Shape - Group","hd":false},{"ty":"fl","c":{"a":0,"k":[0.929412007332,0.21960799396,0.447059005499,1],"ix":4},"o":{"a":0,"k":100,"ix":5},"r":1,"nm":"Fill 1","mn":"ADBE Vector Graphic - Fill","hd":false},{"ty":"tr","p":{"a":0,"k":[0,0],"ix":2},"a":{"a":0,"k":[0,0],"ix":1},"s":{"a":0,"k":[509.554,509.554],"ix":3},"r":{"a":0,"k":0,"ix":6},"o":{"a":0,"k":100,"ix":7},"sk":{"a":0,"k":0,"ix":4},"sa":{"a":0,"k":0,"ix":5},"nm":"Transform"}],"nm":"Group 1","np":2,"cix":2,"ix":1,"mn":"ADBE Vector Group","hd":false}],"ip":0,"op":150,"st":0,"bm":0},{"ddd":0,"ind":4,"ty":4,"nm":"Combined Shape Copy 9","sr":1,"ks":{"o":{"a":0,"k":100,"ix":11},"r":{"a":0,"k":0,"ix":10},"p":{"a":1,"k":[{"i":{"x":0.833,"y":0.833},"o":{"x":0.167,"y":0.167},"n":"0p833_0p833_0p167_0p167","t":10,"s":[313.06,228.818,0],"e":[313.06,198.818,0],"to":[0,-5,0],"ti":[0,5,0]},{"t":14.480078125}],"ix":2},"a":{"a":0,"k":[11.531,11.531,0],"ix":1},"s":{"a":1,"k":[{"i":{"x":[0.833,0.833,0.833],"y":[0.833,0.833,0.833]},"o":{"x":[0.167,0.167,0.167],"y":[0.167,0.167,0.167]},"n":["0p833_0p833_0p167_0p167","0p833_0p833_0p167_0p167","0p833_0p833_0p167_0p167"],"t":10,"s":[100,0,100],"e":[100,100,100]},{"t":14.480078125}],"ix":6}},"ao":0,"shapes":[{"ty":"gr","it":[{"ind":0,"ty":"sh","ix":1,"ks":{"a":0,"k":{"i":[[1.17,0.16],[-0.91,0.91],[-1.18,-0.17],[0.91,-0.91]],"o":[[-0.17,-1.18],[0.91,-0.91],[0.16,1.17],[-0.91,0.91]],"v":[[0.04,4.49],[1.16,1.16],[4.49,0.04],[3.36,3.36]],"c":true},"ix":2},"nm":"Path 1","mn":"ADBE Vector Shape - Group","hd":false},{"ty":"fl","c":{"a":0,"k":[0.929412007332,0.21960799396,0.447059005499,1],"ix":4},"o":{"a":0,"k":100,"ix":5},"r":1,"nm":"Fill 1","mn":"ADBE Vector Graphic - Fill","hd":false},{"ty":"tr","p":{"a":0,"k":[0,0],"ix":2},"a":{"a":0,"k":[0,0],"ix":1},"s":{"a":0,"k":[509.554,509.554],"ix":3},"r":{"a":0,"k":0,"ix":6},"o":{"a":0,"k":100,"ix":7},"sk":{"a":0,"k":0,"ix":4},"sa":{"a":0,"k":0,"ix":5},"nm":"Transform"}],"nm":"Group 1","np":2,"cix":2,"ix":1,"mn":"ADBE Vector Group","hd":false}],"ip":0,"op":150,"st":0,"bm":0},{"ddd":0,"ind":5,"ty":4,"nm":"Combined Shape","sr":1,"ks":{"o":{"a":0,"k":100,"ix":11},"r":{"a":0,"k":0,"ix":10},"p":{"a":1,"k":[{"i":{"x":0.833,"y":0.833},"o":{"x":0.167,"y":0.167},"n":"0p833_0p833_0p167_0p167","t":8.48,"s":[313.06,84.831,0],"e":[313.06,54.831,0],"to":[0,-5,0],"ti":[0,5,0]},{"t":16.480078125}],"ix":2},"a":{"a":0,"k":[11.531,11.531,0],"ix":1},"s":{"a":1,"k":[{"i":{"x":[0.833,0.833,0.833],"y":[0.833,0.833,0.833]},"o":{"x":[0.167,0.167,0.167],"y":[0.167,0.167,0.167]},"n":["0p833_0p833_0p167_0p167","0p833_0p833_0p167_0p167","0p833_0p833_0p167_0p167"],"t":8.48,"s":[100,100,100],"e":[0,100,100]},{"t":16.480078125}],"ix":6}},"ao":0,"shapes":[{"ty":"gr","it":[{"ind":0,"ty":"sh","ix":1,"ks":{"a":0,"k":{"i":[[1.17,0.16],[-0.91,0.91],[-1.18,-0.17],[0.91,-0.91]],"o":[[-0.17,-1.18],[0.91,-0.91],[0.16,1.17],[-0.91,0.91]],"v":[[0.04,4.49],[1.16,1.16],[4.49,0.04],[3.36,3.36]],"c":true},"ix":2},"nm":"Path 1","mn":"ADBE Vector Shape - Group","hd":false},{"ty":"fl","c":{"a":0,"k":[0.929412007332,0.21960799396,0.447059005499,1],"ix":4},"o":{"a":0,"k":100,"ix":5},"r":1,"nm":"Fill 1","mn":"ADBE Vector Graphic - Fill","hd":false},{"ty":"tr","p":{"a":0,"k":[0,0],"ix":2},"a":{"a":0,"k":[0,0],"ix":1},"s":{"a":0,"k":[509.554,509.554],"ix":3},"r":{"a":0,"k":0,"ix":6},"o":{"a":0,"k":100,"ix":7},"sk":{"a":0,"k":0,"ix":4},"sa":{"a":0,"k":0,"ix":5},"nm":"Transform"}],"nm":"Group 1","np":2,"cix":2,"ix":1,"mn":"ADBE Vector Group","hd":false}],"ip":0,"op":150,"st":0,"bm":0},{"ddd":0,"ind":6,"ty":4,"nm":"Combined Shape Copy 5","sr":1,"ks":{"o":{"a":0,"k":100,"ix":11},"r":{"a":0,"k":0,"ix":10},"p":{"a":1,"k":[{"i":{"x":0.833,"y":0.833},"o":{"x":0.167,"y":0.167},"n":"0p833_0p833_0p167_0p167","t":5.28,"s":[313.06,142.258,0],"e":[313.06,84.831,0],"to":[0,-9.57113170623779,0],"ti":[0,9.57113170623779,0]},{"i":{"x":0.833,"y":0.833},"o":{"x":0.167,"y":0.167},"n":"0p833_0p833_0p167_0p167","t":13.28,"s":[313.06,84.831,0],"e":[313.06,84.831,0],"to":[0,0,0],"ti":[0,0,0]},{"t":31.76015625}],"ix":2},"a":{"a":0,"k":[11.531,11.531,0],"ix":1},"s":{"a":1,"k":[{"i":{"x":[0.833,0.833,0.833],"y":[0.833,0.833,0.833]},"o":{"x":[0.167,0.167,0.167],"y":[0.167,0.167,0.167]},"n":["0p833_0p833_0p167_0p167","0p833_0p833_0p167_0p167","0p833_0p833_0p167_0p167"],"t":5.28,"s":[100,100,100],"e":[-100,100,100]},{"i":{"x":[0.833,0.833,0.833],"y":[0.833,0.833,0.833]},"o":{"x":[0.167,0.167,0.167],"y":[0.167,0.167,0.167]},"n":["0p833_0p833_0p167_0p167","0p833_0p833_0p167_0p167","0p833_0p833_0p167_0p167"],"t":13.28,"s":[-100,100,100],"e":[-100,100,100]},{"i":{"x":[0.833,0.833,0.833],"y":[0.833,0.833,0.833]},"o":{"x":[0.167,0.167,0.167],"y":[0.167,0.167,0.167]},"n":["0p833_0p833_0p167_0p167","0p833_0p833_0p167_0p167","0p833_0p833_0p167_0p167"],"t":31.76,"s":[-100,100,100],"e":[100,100,100]},{"t":35.6}],"ix":6}},"ao":0,"shapes":[{"ty":"gr","it":[{"ind":0,"ty":"sh","ix":1,"ks":{"a":0,"k":{"i":[[1.17,0.16],[-0.91,0.91],[-1.18,-0.17],[0.91,-0.91]],"o":[[-0.17,-1.18],[0.91,-0.91],[0.16,1.17],[-0.91,0.91]],"v":[[0.04,4.49],[1.16,1.16],[4.49,0.04],[3.36,3.36]],"c":true},"ix":2},"nm":"Path 1","mn":"ADBE Vector Shape - Group","hd":false},{"ty":"fl","c":{"a":0,"k":[0.929412007332,0.21960799396,0.447059005499,1],"ix":4},"o":{"a":0,"k":100,"ix":5},"r":1,"nm":"Fill 1","mn":"ADBE Vector Graphic - Fill","hd":false},{"ty":"tr","p":{"a":0,"k":[0,0],"ix":2},"a":{"a":0,"k":[0,0],"ix":1},"s":{"a":0,"k":[509.554,509.554],"ix":3},"r":{"a":0,"k":0,"ix":6},"o":{"a":0,"k":100,"ix":7},"sk":{"a":0,"k":0,"ix":4},"sa":{"a":0,"k":0,"ix":5},"nm":"Transform"}],"nm":"Group 1","np":2,"cix":2,"ix":1,"mn":"ADBE Vector Group","hd":false}],"ip":0,"op":150,"st":0,"bm":0},{"ddd":0,"ind":7,"ty":4,"nm":"Combined Shape Copy 6","sr":1,"ks":{"o":{"a":0,"k":100,"ix":11},"r":{"a":0,"k":0,"ix":10},"p":{"a":1,"k":[{"i":{"x":0.833,"y":0.833},"o":{"x":0.167,"y":0.167},"n":"0p833_0p833_0p167_0p167","t":0.8,"s":[313.06,198.818,0],"e":[313.06,142.258,0],"to":[0,-9.42675018310547,0],"ti":[0,9.42675018310547,0]},{"t":8.8}],"ix":2},"a":{"a":0,"k":[11.531,11.531,0],"ix":1},"s":{"a":1,"k":[{"i":{"x":[0.833,0.833,0.833],"y":[0.833,0.833,0.833]},"o":{"x":[0.167,0.167,0.167],"y":[0.167,0.167,0.167]},"n":["0p833_0p833_0p167_0p167","0p833_0p833_0p167_0p167","0p833_0p833_0p167_0p167"],"t":0.8,"s":[100,100,100],"e":[-100,100,100]},{"i":{"x":[0.833,0.833,0.833],"y":[0.833,0.833,0.833]},"o":{"x":[0.167,0.167,0.167],"y":[0.167,0.167,0.167]},"n":["0p833_0p833_0p167_0p167","0p833_0p833_0p167_0p167","0p833_0p833_0p167_0p167"],"t":8.8,"s":[-100,100,100],"e":[-100,100,100]},{"i":{"x":[0.833,0.833,0.833],"y":[0.833,0.833,0.833]},"o":{"x":[0.167,0.167,0.167],"y":[0.167,0.167,0.167]},"n":["0p833_0p833_0p167_0p167","0p833_0p833_0p167_0p167","0p833_0p833_0p167_0p167"],"t":28.88,"s":[-100,100,100],"e":[100,100,100]},{"t":33.36015625}],"ix":6}},"ao":0,"shapes":[{"ty":"gr","it":[{"ind":0,"ty":"sh","ix":1,"ks":{"a":0,"k":{"i":[[1.17,0.16],[-0.91,0.91],[-1.18,-0.17],[0.91,-0.91]],"o":[[-0.17,-1.18],[0.91,-0.91],[0.16,1.17],[-0.91,0.91]],"v":[[0.04,4.49],[1.16,1.16],[4.49,0.04],[3.36,3.36]],"c":true},"ix":2},"nm":"Path 1","mn":"ADBE Vector Shape - Group","hd":false},{"ty":"fl","c":{"a":0,"k":[0.929412007332,0.21960799396,0.447059005499,1],"ix":4},"o":{"a":0,"k":100,"ix":5},"r":1,"nm":"Fill 1","mn":"ADBE Vector Graphic - Fill","hd":false},{"ty":"tr","p":{"a":0,"k":[0,0],"ix":2},"a":{"a":0,"k":[0,0],"ix":1},"s":{"a":0,"k":[509.554,509.554],"ix":3},"r":{"a":0,"k":0,"ix":6},"o":{"a":0,"k":100,"ix":7},"sk":{"a":0,"k":0,"ix":4},"sa":{"a":0,"k":0,"ix":5},"nm":"Transform"}],"nm":"Group 1","np":2,"cix":2,"ix":1,"mn":"ADBE Vector Group","hd":false}],"ip":0,"op":150,"st":0,"bm":0},{"ddd":0,"ind":8,"ty":4,"nm":"Path 13","sr":1,"ks":{"o":{"a":0,"k":100,"ix":11},"r":{"a":0,"k":0,"ix":10},"p":{"a":0,"k":[292.357,144.815,0],"ix":2},"a":{"a":0,"k":[31.847,84.713,0],"ix":1},"s":{"a":0,"k":[100,100,100],"ix":6}},"ao":0,"shapes":[{"ty":"gr","it":[{"ind":0,"ty":"sh","ix":1,"ks":{"a":0,"k":{"i":[[3.02,0],[0,0.29],[-0.28,0],[0,-3.61],[0,0],[-2.76,0],[0,-0.28],[0.28,0],[0,3.36],[0,0]],"o":[[-0.28,0],[0,-0.28],[3.58,0],[0,0],[0,2.79],[0.28,0],[0,0.29],[-3.32,0],[0,0],[0,-3.05]],"v":[[0.51,1.02],[0,0.51],[0.51,0],[6.99,6.54],[6.99,27.17],[11.99,32.22],[12.5,32.73],[11.99,33.25],[5.97,27.17],[5.97,6.54]],"c":true},"ix":2},"nm":"Path 1","mn":"ADBE Vector Shape - Group","hd":false},{"ty":"fl","c":{"a":0,"k":[1,0.756862998009,0,1],"ix":4},"o":{"a":0,"k":100,"ix":5},"r":1,"nm":"Fill 1","mn":"ADBE Vector Graphic - Fill","hd":false},{"ty":"tr","p":{"a":0,"k":[0,0],"ix":2},"a":{"a":0,"k":[0,0],"ix":1},"s":{"a":0,"k":[509.554,509.554],"ix":3},"r":{"a":0,"k":0,"ix":6},"o":{"a":0,"k":100,"ix":7},"sk":{"a":0,"k":0,"ix":4},"sa":{"a":0,"k":0,"ix":5},"nm":"Transform"}],"nm":"Group 1","np":2,"cix":2,"ix":1,"mn":"ADBE Vector Group","hd":false}],"ip":0,"op":150,"st":0,"bm":0}]}],"layers":[{"ddd":0,"ind":11,"ty":0,"nm":"Marigold Flower","refId":"comp_0","sr":1,"ks":{"o":{"a":0,"k":100,"ix":11},"r":{"a":0,"k":0,"ix":10},"p":{"a":0,"k":[391.212,404,0],"ix":2},"a":{"a":0,"k":[300,300,0],"ix":1},"s":{"a":0,"k":[178.31,178.31,100],"ix":6}},"ao":0,"w":600,"h":600,"ip":0,"op":150,"st":0,"bm":0}],"markers":[]}